dataset,attack,k,auc_mean,auc_sd,signal,n_missing,splithalf_r,R_naive,R_cross,cross_total,E_low,share_low,E_mid,share_mid,E_high,share_high,R_cross_null_mean,R_cross_null_sd,p_smoother_than_null,p_low_share_gt_null,p_high_share_gt_null,density_R2
adult,melomia,10,0.62054825,0.01811891333179225,mu_out,0,0.4566512267831824,0.7750878318083531,0.7506113409874969,1491.743479329979,953.1855800937594,0.6389741891292771,244.56940167015227,0.16394869832446088,293.9884975660668,0.19707711254626212,1.0001969015714682,0.008839288406502253,0.000999000999000999,0.000999000999000999,1.0,
adult,melomia,10,0.62054825,0.01811891333179225,v,0,0.40454551981926284,0.927162094839728,0.9280935255541221,2632.810620844964,1133.6672576112228,0.4305920253570644,634.6513436291534,0.24105468832599555,864.492019604587,0.3283532863169401,0.9997052334530916,0.00979922604784563,0.000999000999000999,0.000999000999000999,0.5944055944055944,
adult,melomia,10,0.62054825,0.01811891333179225,s_in,0,0.5574133389445264,0.8875206155628084,0.8673633262077189,2950.451851834829,1456.4808284945352,0.4936467028224093,623.0134019185612,0.21115864050827368,870.9576214217329,0.29519465666931693,1.0002705237654295,0.007437900570814154,0.000999000999000999,0.000999000999000999,0.995004995004995,
adult,melomia,10,0.62054825,0.01811891333179225,v_resid_density,0,0.3677605530311036,0.9732709472062513,1.0051513517019175,2197.185072178165,789.1721176002271,0.3591741667978322,594.7964743113808,0.2707084086101738,813.216480266557,0.3701174245919941,1.000147592538942,0.010472979737501352,0.6873126873126874,0.0939060939060939,0.017982017982017984,0.1262390404363014
adult,rawloss,10,0.5382993,0.011956784455540301,mu_out,0,0.916082979272543,0.7406605406538774,0.7404232249540691,4529.78564453125,2848.9930611759214,0.6289465487855109,796.0812726186921,0.17574369547942775,884.7113318987538,0.19530975573506135,1.0001749008970255,0.0053175964335459,0.000999000999000999,0.000999000999000999,1.0,
adult,rawloss,10,0.5382993,0.011956784455540301,v,0,0.5754332349974609,0.9586753985583969,1.0029539144480653,763.966796875,283.1027478104777,0.3705694457452964,195.67934476609895,0.256135932606064,285.18469168189347,0.3732946216486396,1.000172730625543,0.007627436891268045,0.6513486513486514,0.006993006993006993,0.002997002997002997,
adult,rawloss,10,0.5382993,0.011956784455540301,s_in,0,0.965505844909998,0.7768335843947886,0.7737129726723807,3638.969482421875,2173.9134930345094,0.5973981133933228,668.487319827552,0.18370237130958317,796.568652050225,0.21889951529709398,1.0003012410771854,0.005262467423673858,0.000999000999000999,0.000999000999000999,1.0,
adult,rawloss,10,0.5382993,0.011956784455540301,v_resid_density,0,0.5483942887467965,0.9755866694494157,1.0283741738207424,680.3200658635877,235.06905412265388,0.3455271509951141,177.67419183059428,0.2611626508547229,267.5768199103397,0.393310198150163,0.9999794176826179,0.007826223151741024,1.0,0.2037962037962038,0.000999000999000999,0.04781418873638221
adult,dcr,10,0.7937767250000001,0.008854654180641408,mu_out,0,0.8586539163947082,0.538792508174769,0.521078785866204,3329.406101019765,2629.369627954285,0.789741337696514,298.45062633761285,0.0896407999751668,401.5858467278683,0.12061786232831924,1.0002908815754992,0.005647875383336079,0.000999000999000999,0.000999000999000999,1.0,
adult,dcr,10,0.7937767250000001,0.008854654180641408,v,0,0.896872324127211,0.8821563273066769,0.8895261686667572,4766.885914479996,2246.5494552555474,0.47128240439557806,1053.9237904590645,0.2210927237124854,1466.412668765386,0.3076248718919365,1.0000975336612241,0.005570634904057018,0.000999000999000999,0.000999000999000999,0.995004995004995,
adult,dcr,10,0.7937767250000001,0.008854654180641408,s_in,0,1.0,0.9088973529180443,0.9088973529180443,4350.09713546122,2006.6058220588104,0.46127839438372925,969.9881006297485,0.222980791100635,1373.5032127726581,0.3157408145156356,1.0005649586158103,0.005165435251900221,0.000999000999000999,0.000999000999000999,0.9660339660339661,
adult,dcr,10,0.7937767250000001,0.008854654180641408,v_resid_density,0,0.8678335460356241,0.9989888368770978,1.0176472055182466,3599.0667671252377,1268.0561107227722,0.35232914329500886,978.221785404107,0.27179873247682584,1352.7888709983586,0.3758721242281653,1.0000941453126397,0.005709959604668817,0.999000999000999,0.03396603396603397,0.000999000999000999,0.2203376615042808
