sdg,eps,attack,n_runs,auc_mean,metric,k,signal,n_missing,splithalf_r,R_naive,R_cross,cross_total,E_low,share_low,E_mid,share_mid,E_high,share_high,R_cross_null_mean,R_cross_null_sd,p_smoother_than_null,p_low_share_gt_null,p_high_share_gt_null,H1_dR_boot_lo,H1_dR_boot_hi,density_R2
mst,0.1,mm,64,0.502012,gower,20,mu_out,0,0.9670936381057239,0.8653590201035272,0.8638223297896834,342.967116865141,178.88555136414635,0.5215822233899069,100.2314048129843,0.2922478566724999,63.85016068801049,0.1861699199375932,1.0021734441366428,0.0116332500305777,0.000999000999000999,0.000999000999000999,1.0,,,
mst,0.1,mm,64,0.502012,gower,20,v,0,-0.022014843723809078,0.9971139775190152,1.744057070924268,-0.4403113068168691,0.9501591667182383,-2.157925885635767,-0.6375879439174622,1.4480389988773104,-0.7528825296176471,1.7098868867584565,0.9849614371980494,0.3642289786032498,0.978021978021978,0.996003996003996,0.07092907092907093,-1.1267519976410296,1.9121678240225466,
mst,0.1,mm,64,0.502012,gower,20,v_std,0,0.027713737819582286,0.9882331821542057,0.34735183512869194,1.953222800814196,4.705669347206653,2.4091820683462846,-0.8976407725245108,-0.45956906306353495,-1.8548057738679522,-0.9496130052827496,0.9781931819559315,0.299642438944862,0.015984015984015984,0.004995004995004995,0.9430569430569431,,,
mst,0.1,mm,64,0.502012,gower,20,v_resid_density,0,-0.019424233141536032,0.9969337065431539,1.8350879952525487,-0.38559906818144546,0.9625657378502335,-2.4962864728638015,-0.6142313196875178,1.5929273962832435,-0.733933486344163,1.9033590765805577,0.9746250491088874,0.41755522930611433,0.984015984015984,0.996003996003996,0.08191808191808192,,,0.004168153364580984
mst,0.1,kde,64,0.4976426666666666,gower,20,mu_out,0,0.9579759282825622,0.8217359644400942,0.8210648732390485,285.27493746875257,180.37185453362895,0.6322737501375701,55.533450158129924,0.1946664177753532,49.36963277699356,0.17305983208707654,1.0021361073710604,0.011246500978116834,0.000999000999000999,0.000999000999000999,1.0,,,
mst,0.1,kde,64,0.4976426666666666,gower,20,v,0,0.07841992667477331,1.0050345417397222,1.0611538861098748,2.312242361729959,0.6425681476790918,0.2778982680683779,0.649561364540651,0.28092269880163684,1.0201128495102174,0.44117903312998524,1.0050135985662723,0.10331561172447296,0.7172827172827173,0.5924075924075924,0.36063936063936064,-1.1795026887596372,1.586981032509738,
mst,0.1,kde,64,0.4976426666666666,gower,20,v_std,0,0.0712682449263937,0.9922926750533956,1.044133015068911,5.238062309039912,1.7497562339890922,0.33404647191182496,1.47775430766546,0.2821185049889788,2.0105517673853663,0.38383502309919626,1.0051058898568974,0.11381034544843131,0.6403596403596403,0.48951048951048953,0.44555444555444557,,,
mst,0.1,kde,64,0.4976426666666666,gower,20,v_resid_density,0,0.0804794191469371,1.0051009752638156,1.0412339316528714,2.3674367359950046,0.6691591373370144,0.2826513279797419,0.725179740342871,0.3063143058131546,0.9730978583151211,0.4110343662071034,0.9997749604104886,0.09926416107335707,0.6623376623376623,0.5714285714285714,0.3806193806193806,,,0.0004974501432462031
mst,0.1,dcr,64,0.495883,gower,20,mu_out,0,0.9680608659763038,0.926896451575177,0.9271627326679115,326.7512410043977,158.41911184720422,0.48483094160634616,76.67043745177097,0.23464467102280753,91.66169170542238,0.2805243873708463,1.0020089393223242,0.011080253967910729,0.000999000999000999,0.000999000999000999,0.968031968031968,,,
mst,0.1,dcr,64,0.495883,gower,20,v,0,0.04517857102668349,1.004141645413636,0.8920659423870142,0.9832290925254589,0.17819989968192917,0.18123944972398695,0.717404838617018,0.7296415902161095,0.08762435422651149,0.08911896005990348,0.9992926149290586,0.17913127137347368,0.2857142857142857,0.6113886113886113,0.6723276723276723,-1.416796467013276,1.4994636104561905,
mst,0.1,dcr,64,0.495883,gower,20,v_std,0,0.056888778177970174,1.008045428806411,0.9769418164121504,3.7939200130740818,0.26673158202019787,0.0703050093573466,2.588773586115451,0.6823479612628569,0.9384148449384329,0.2473470293797965,0.9985973770506077,0.14284140171387055,0.43656343656343655,0.7782217782217782,0.6053946053946054,,,
mst,0.1,dcr,64,0.495883,gower,20,v_resid_density,0,0.04412756962140719,1.007472700318496,0.9082718225835563,0.9515208104656259,0.1320405389342144,0.13876789396713288,0.7029309303150283,0.7387446733519671,0.1165493412163838,0.12248743268089995,1.0083964316619094,0.1822646048441193,0.29270729270729273,0.6353646353646354,0.6673326673326674,,,0.008471942943372834
mst,0.32,mm,64,0.502943125,gower,20,mu_out,0,0.9790100610896707,0.8293779826732615,0.8277183371877208,370.202866440667,211.38563280205426,0.5709994491248311,84.08910994531196,0.22714332483103308,74.72812369330069,0.20185722604413572,1.0021738308244401,0.011390770363391676,0.000999000999000999,0.000999000999000999,1.0,,,
mst,0.32,mm,64,0.502943125,gower,20,v,0,-0.09247399186907625,0.9952487933786088,1.0073851117707318,-1.646078287705744,-0.7974378218334092,0.4844470811560582,-0.44418441717661516,0.2698440411334912,-0.40445604869571816,0.24570887771045058,1.0016126522895117,0.08865202085374235,0.5174825174825175,0.2647352647352647,0.6433566433566433,-0.5782283868580536,1.8164631754382472,
mst,0.32,mm,64,0.502943125,gower,20,v_std,0,0.002070589602827715,0.9985328168437541,2.251376252520406,0.14579972519665693,-2.09957041024006,-14.400372891019664,2.1249994206296496,14.574783441898896,0.12037071480706771,0.8255894491207686,1.1520414802257655,3.933037337028292,0.6283716283716284,0.9170829170829171,0.46553446553446554,,,
mst,0.32,mm,64,0.502943125,gower,20,v_resid_density,0,-0.09191969374103473,1.0016326881911415,0.9865765957637591,-1.60745700844009,-0.7199701737238273,0.4478938907501496,-0.41823189096825875,0.2601823182656189,-0.46925494374800253,0.29192379098423155,0.9990482467269938,0.09248270664506013,0.4385614385614386,0.33466533466533466,0.5524475524475524,,,0.015598653023171982
mst,0.32,kde,64,0.4943713015873015,gower,20,mu_out,0,0.9554225300553264,0.8703938860196222,0.8686496372282899,301.3767413382242,175.2591361269208,0.5815284064347683,64.82869121814481,0.21510847496154306,61.28891399315849,0.20336311860368875,1.002140306619552,0.010963434585252401,0.000999000999000999,0.000999000999000999,1.0,,,
mst,0.32,kde,64,0.4943713015873015,gower,20,v,0,-0.015511280308824395,1.0096595785406752,0.6353715730476506,-0.40612443873688936,-0.44906062859391255,1.1057217585589278,0.0845470698355939,-0.20818020727476588,-0.04161087997857221,0.10245844871583798,1.020232096640944,0.5055418219960878,0.21878121878121878,0.2517482517482518,0.5884115884115884,-2.290771662199292,1.5399869698384874,
mst,0.32,kde,64,0.4943713015873015,gower,20,v_std,0,0.005564354100404802,1.0092724048814192,2.6851085442853653,0.38832021518717297,-1.2802349742180381,-3.296853792690039,-0.452862414637895,-1.1662087033496675,2.1214176040431045,5.463062496039706,0.9570053719770599,1.4788687778819372,0.8781218781218781,0.8361638361638362,0.08691308691308691,,,
mst,0.32,kde,64,0.4943713015873015,gower,20,v_resid_density,0,-0.01638744252013036,1.012369460539938,0.6594565231297133,-0.42714445074858787,-0.4964787877452033,1.162320584699396,0.09730857853929703,-0.22781187574545186,-0.02797424154268352,0.06549129104605575,0.9795204068241227,0.5196586560501634,0.2727272727272727,0.2727272727272727,0.5684315684315684,,,0.006526830887021107
mst,0.32,dcr,64,0.50336475,gower,20,mu_out,0,0.9719183199482817,0.8141927902174932,0.8124093559046833,349.7094673809788,191.89239618422158,0.5487194774031414,71.98994658636774,0.20585644170719805,85.82712461038945,0.24542408088966056,1.0016572685814327,0.011337743147311074,0.000999000999000999,0.000999000999000999,1.0,,,
mst,0.32,dcr,64,0.50336475,gower,20,v,0,0.04585778107405278,0.9928671285544193,0.7662406434265185,0.8889490467584186,0.2901139802265378,0.32635614075345376,0.5831311172457065,0.6559781118750455,0.015703949286170638,0.017665747371500833,1.0025374095382913,0.18513689514538634,0.0969030969030969,0.5124875124875125,0.7592407592407593,-0.9948014459369161,2.0018600265902395,
mst,0.32,dcr,64,0.50336475,gower,20,v_std,0,0.05030794836134533,0.9908313398854848,0.7713771239204043,3.3881648968982123,1.2640716059800443,0.37308444082437603,2.0745817719057067,0.6123024808517871,0.049511519012448324,0.014613078323836947,1.0028272567148364,0.16561245764739022,0.07392607392607392,0.45354645354645357,0.7932067932067932,,,
mst,0.32,dcr,64,0.50336475,gower,20,v_resid_density,0,0.04308102344263418,0.9967905436130239,0.7999698878026459,0.8297289823382273,0.1740914074201022,0.20981719468145188,0.5907497465341776,0.7119791632074974,0.06488782838394475,0.0782036421110506,1.0009362892352816,0.18828605898745565,0.14885114885114886,0.5974025974025974,0.6853146853146853,,,0.008832280679709092
mst,1.0,mm,64,0.5112774999999999,gower,20,mu_out,0,0.9426113103575205,0.8418678055261555,0.8397448492743723,226.84566403781054,126.40509785507288,0.5572295084026985,54.41264541856495,0.23986636751185805,46.02792076417274,0.2029041240854435,1.0019756653506398,0.011997442855357622,0.000999000999000999,0.000999000999000999,1.0,,,
mst,1.0,mm,64,0.5112774999999999,gower,20,v,0,0.07040776476297822,0.9989123271654177,1.0097499992738144,2.2316405289790606,0.5329988630416516,0.23883723929565434,0.9062113354406136,0.4060740624096804,0.7924303304967915,0.3550886982946653,1.0048014389100033,0.11330626765853333,0.5204795204795205,0.6213786213786214,0.4695304695304695,-0.7420325130533666,1.4631290554172316,
mst,1.0,mm,64,0.5112774999999999,gower,20,v_std,0,0.01930759207471288,0.991229827423621,0.7826745770037123,1.3139715418318318,1.5043055801679812,1.144854003512748,-0.24717956507448235,-0.1881163763485215,0.0568455267383246,0.043262372835773576,0.9913008389188824,0.4070993523313217,0.3156843156843157,0.22377622377622378,0.6083916083916084,,,
mst,1.0,mm,64,0.5112774999999999,gower,20,v_resid_density,0,0.06759623242417481,0.9983859063705924,0.9917668284048952,2.122999219831317,0.4581695518102967,0.2158123976355966,0.9306111145138067,0.4383473652843594,0.7342185535072097,0.3458402370800439,0.9977011418857048,0.12350884669688553,0.4905094905094905,0.6403596403596403,0.4945054945054945,,,0.010277992960728732
mst,1.0,kde,64,0.5040325,gower,20,mu_out,0,0.947909705720541,0.8921848070026204,0.8897602497684131,265.9410109172349,144.75572217233577,0.5443151534735876,65.44884068792643,0.24610284988461278,55.736448056972705,0.20958199664179955,1.0025741471220122,0.011318845801565005,0.000999000999000999,0.000999000999000999,1.0,,,
mst,1.0,kde,64,0.5040325,gower,20,v,0,-0.0563127904901062,1.0052744463260905,0.7453357919509739,-1.4486580534663243,-1.1143631431066146,0.7692382204621618,0.4689490918685032,-0.3237127566069921,-0.8032440022282129,0.5544745361448303,0.9959065044197536,0.1460274778529578,0.03996003996003996,0.13886113886113885,0.28471528471528473,-1.567782073199807,1.379329075619375,
mst,1.0,kde,64,0.5040325,gower,20,v_std,0,0.03629411142163381,1.0114017609236727,1.4644921463156633,2.288018433302676,-1.699622242996282,-0.7428359047540265,3.6550905412641224,1.597491736982262,0.33255013503483344,0.14534416777176443,0.9993716844006493,0.2216961367988051,0.975024975024975,0.967032967032967,0.6403596403596403,,,
mst,1.0,kde,64,0.5040325,gower,20,v_resid_density,0,-0.05149796595397266,1.0056789605729597,0.7599869036125816,-1.317219292717187,-1.024730138986003,0.7779495370677181,0.5772763554137345,-0.43825379616397564,-0.869765509144919,0.6603042590962577,1.001096822080984,0.1587338503033009,0.06393606393606394,0.14585414585414586,0.2137862137862138,,,0.00034739889015311665
mst,1.0,dcr,64,0.507462125,gower,20,mu_out,0,0.9605399902921314,0.8928272773660632,0.8923217391761824,310.2244857156548,147.65224528170415,0.4759529053326858,72.12413258120196,0.23249013505436006,90.44810785274859,0.2915569596129541,1.001820015546282,0.011396591667874097,0.000999000999000999,0.000999000999000999,0.916083916083916,,,
mst,1.0,dcr,64,0.507462125,gower,20,v,0,-0.025039031078296876,0.9923592962317126,1.5492683449948341,-0.5871513931599928,0.3985841964913525,-0.678843993448112,0.13646396161796437,-0.23241699365393334,-1.1221995512693106,1.9112609871020454,0.9994719564004257,0.31459174861162226,0.965034965034965,0.8891108891108891,0.026973026973026972,-4.613334595539254,4.910293055460067,
mst,1.0,dcr,64,0.507462125,gower,20,v_std,0,-0.01164630408528383,0.988150307633494,2.2474590432474355,-0.7795990870532462,1.078502708460658,-1.38340683868322,0.5855416520103126,-0.7510804742262598,-2.4436434475242184,3.1344873129094797,0.9971564863224697,0.6915051984194445,0.972027972027972,0.8331668331668332,0.055944055944055944,,,
mst,1.0,dcr,64,0.507462125,gower,20,v_resid_density,0,-0.025477623767782617,0.99118821890832,1.5848292439808935,-0.5964388523903713,0.42193581810608455,-0.7074251055495053,0.1072510288374057,-0.17981898464121088,-1.125625699333862,1.8872440901907162,1.0005598010646992,0.3140214404249173,0.968031968031968,0.8951048951048951,0.03396603396603397,,,0.0018954980873483462
mst,10.0,mm,64,0.60534,gower,20,mu_out,0,0.7138281067850534,0.9606012368509607,0.9543579938841947,68.380908101325,30.12551445768921,0.4405544660660256,20.279817903366933,0.2965713452257293,17.975575740268884,0.26287418870824514,1.0018463724597584,0.013741991433054455,0.002997002997002997,0.006993006993006993,0.9760239760239761,,,
mst,10.0,mm,64,0.60534,gower,20,v,0,-0.011487394208772534,0.9759766032750918,2.841244350892364,-0.7171109363573955,2.0588847183317975,-2.8710825814343535,1.0146200871524318,-1.4148718639074873,-3.790615741841625,5.285954445341841,0.9867288643786746,0.6986190110819656,0.997002997002997,0.9590409590409591,0.000999000999000999,-2.3858376446491487,2.0856857608474706,
mst,10.0,mm,64,0.60534,gower,20,v_std,0,0.003036798846694633,0.9864275735573029,-3.0738335736344404,0.24120752797166847,2.116062231621926,8.772786858752367,1.3577861940600633,5.629120307636462,-3.232640897710329,-13.401907166388831,1.0392442360055474,2.7182229671103166,0.07292707292707293,0.12387612387612387,0.9790209790209791,,,
mst,10.0,mm,64,0.60534,gower,20,v_resid_density,0,-0.03164363855181336,0.9808939025525705,1.591366564062346,-1.9357050155372177,1.2354892960635209,-0.6382632096040897,0.624703362960537,-0.32272653009950564,-3.795897674561279,1.9609897397035951,1.0062123932279308,0.25628231427115605,0.984015984015984,0.938061938061938,0.007992007992007992,,,0.0440520549080462
mst,10.0,kde,64,0.5069589999999999,gower,20,mu_out,0,0.9082791067631085,0.8955590355998034,0.890186275994414,200.73351889101008,111.77876898475716,0.5568515393059411,47.03277175587063,0.234304524803391,41.92197815038229,0.20884393589066794,1.0025614173113744,0.011598626125050972,0.000999000999000999,0.000999000999000999,1.0,,,
mst,10.0,kde,64,0.5069589999999999,gower,20,v,0,0.01809370812928186,1.0130980141218449,0.9440819677812009,0.6437497288983475,0.7706853814648564,1.197181679258708,-1.4630807653697797,-2.272747777111406,1.3361451128032664,2.075566097852698,0.9919750674359379,0.4597922916409928,0.45354645354645357,0.25874125874125875,0.06593406593406594,-0.9339321065773173,0.9938266886932341,
mst,10.0,kde,64,0.5069589999999999,gower,20,v_std,0,0.08040299097701988,1.0057018433760543,0.9655276701176567,5.521600522212593,2.5642074403582242,0.46439568202060133,0.699870314975177,0.12675134902637403,2.2575227668791884,0.4088529689530246,1.0063981643968822,0.10128109488142659,0.34165834165834164,0.2917082917082917,0.41358641358641357,,,
mst,10.0,kde,64,0.5069589999999999,gower,20,v_resid_density,0,0.019312045380223776,1.0131658532908476,0.9165462589262877,0.6845098064130862,0.871154194419446,1.2726686838635777,-1.4618913439189012,-2.1356762609134887,1.2752469559125346,1.863007577049911,0.9972906318176942,0.432956046947226,0.4205794205794206,0.2037962037962038,0.08291708291708291,,,0.0026790110902298325
mst,10.0,dcr,64,0.517635125,gower,20,mu_out,0,0.9518845929970714,0.9917766221523695,0.9915779139705936,282.18865711918517,101.5049111137446,0.35970585122021054,77.41113612969819,0.2743240529933946,103.27260987574232,0.3659700957863949,1.0019934912606827,0.011295480309364139,0.1888111888111888,0.18081918081918083,0.14685314685314685,,,
mst,10.0,dcr,64,0.517635125,gower,20,v,0,-0.03585642707815455,1.008494648226354,0.9557430175511527,-1.0539323215761276,-0.394343127134522,0.37416361474216175,0.1870136342057651,-0.17744368435924934,-0.8466028286473699,0.8032800696170876,0.999389769589212,0.2317100161754403,0.4175824175824176,0.46853146853146854,0.20279720279720279,-1.3864436290110453,2.7890605986911905,
mst,10.0,dcr,64,0.517635125,gower,20,v_std,0,-0.03870182049797382,1.0046043298897411,0.917702656160805,-2.7895255637093177,-0.8719023097125035,0.312562939395726,-0.4103257982897318,0.1470951919666616,-1.507297455707081,0.5403418686376124,0.987051135954476,0.2056549493229359,0.3646353646353646,0.5354645354645354,0.33266733266733267,,,
mst,10.0,dcr,64,0.517635125,gower,20,v_resid_density,0,-0.03714334180659144,1.0092603646206064,0.9434070538024513,-1.0896843896591184,-0.4341868903044599,0.39845196868451516,0.1494083026735647,-0.1371115380668191,-0.8049058020282227,0.7386595693823039,1.016055295523047,0.21524064657392689,0.3706293706293706,0.45354645354645357,0.25574425574425574,,,0.003323430197392341
mst,100.0,mm,64,0.7856832499999999,gower,20,mu_out,0,0.631232709948288,0.9557964888333847,0.946527179661491,26.951618548709337,11.289392575897065,0.4188762376364848,8.383407543207314,0.3110539549992547,7.278818429604959,0.2700698073642604,1.003135126969107,0.015230862029549333,0.000999000999000999,0.02097902097902098,0.954045954045954,,,
mst,100.0,mm,64,0.7856832499999999,gower,20,v,0,0.6938327670262985,0.9329162360233384,0.9200988602667636,92.35714587475519,44.63122143073256,0.4832460012488541,25.320641085325825,0.27416006466530424,22.405283358696842,0.2425939340858418,1.0021831275927606,0.014086781652101915,0.000999000999000999,0.000999000999000999,0.994005994005994,-0.06131460734698223,0.012969894928640908,
mst,100.0,mm,64,0.7856832499999999,gower,20,v_std,0,0.2750645176196453,0.9929700294884076,0.9806966935888523,31.144244613739108,10.980777341103607,0.35257805984029233,7.793166198948096,0.2502281334995098,12.370301073687397,0.3971938066601979,1.0028602841974166,0.03002857603529226,0.22077922077922077,0.36063936063936064,0.2047952047952048,,,
mst,100.0,mm,64,0.7856832499999999,gower,20,v_resid_density,0,0.6543384932386122,0.9177417262866099,0.896361886429386,75.46975020555948,38.7971397076674,0.5140753692968949,19.084849248935747,0.25288077934475345,17.587761248956326,0.23304385135835157,1.0016702956461383,0.014116519114981727,0.000999000999000999,0.000999000999000999,0.997002997002997,,,0.1517671349973776
mst,100.0,kde,64,0.5106742500000001,gower,20,mu_out,0,0.8689070933681355,0.8863528966005909,0.8787351305628187,151.10417130228558,85.91231567535816,0.5685634945410583,31.44394438165076,0.20809448283692183,33.74791124527664,0.22334202262201996,1.0021208175974383,0.011975831572778246,0.000999000999000999,0.000999000999000999,1.0,,,
mst,100.0,kde,64,0.5106742500000001,gower,20,v,0,0.10830766288254329,1.0129255591910444,1.0285690537117056,4.856616901461332,0.6073058095121675,0.12504708974048023,2.3738426811922193,0.48878524482298463,1.8754684107569395,0.3861676654365352,1.0009692321650423,0.07553738798995731,0.6463536463536463,0.8551448551448552,0.3836163836163836,-1.6170179777490765,1.2150439731413125,
mst,100.0,kde,64,0.5106742500000001,gower,20,v_std,0,0.06445574953058278,1.0233349909576535,1.167002585648681,4.565803211537263,-1.5138460670668616,-0.33156182974367937,3.356303218989028,0.7350958995578335,2.7233460596150945,0.5964659301858459,0.999928001408631,0.1273849523682947,0.906093906093906,0.974025974025974,0.1928071928071928,,,
mst,100.0,kde,64,0.5106742500000001,gower,20,v_resid_density,0,0.09287955905764593,1.02037779660286,1.077612983590526,4.091283427124549,0.12733565247356143,0.031123644876164477,2.2456300730570935,0.5488815705528811,1.7183177015938889,0.41999478457095446,1.0043933277774142,0.08735269955185679,0.7902097902097902,0.9040959040959041,0.3786213786213786,,,0.029659973848847
mst,100.0,dcr,64,0.521190875,gower,20,mu_out,0,0.9526339708201244,0.9937628881393784,0.9935435719010761,284.7341390776106,101.02538292461034,0.35480600693643427,79.08884050292417,0.27776381419920554,104.61991565007607,0.3674301788643602,1.002024275531793,0.011387800373240936,0.22277722277722278,0.2217782217782218,0.13386613386613386,,,
mst,100.0,dcr,64,0.521190875,gower,20,v,0,0.007698319754399348,1.0139492055305084,0.3940359852478834,0.2306793862947146,0.7842288544243197,3.3996486076237296,-0.42459464950319015,-1.8406267518014476,-0.1289548186264159,-0.5590218558222819,0.9580277533062685,1.0795012012665122,0.3036963036963037,0.15784215784215785,0.6203796203796204,-2.6303595629832843,1.9936784104818288,
mst,100.0,dcr,64,0.521190875,gower,20,v_std,0,-0.015188163418830794,1.0134972736090182,1.272530976353897,-1.1137664341770963,1.056731226783938,-0.9487906928751134,-0.9442815588151439,0.8478272731506928,-1.226216102145897,1.1009634197244205,1.0016394922237364,0.5370011235588309,0.6913086913086913,0.8151848151848152,0.28771228771228774,,,
mst,100.0,dcr,64,0.521190875,gower,20,v_resid_density,0,0.005842825354006382,1.0142127734304935,0.2338976507159182,0.17460973465357887,0.7646867562372732,4.379405064410603,-0.44256018691408977,-2.5345676619469044,-0.14751683466960497,-0.844837402463699,1.0469217685388,1.3901191979734393,0.2957042957042957,0.13386613386613386,0.6233766233766234,,,0.005042946842790275
mst,1000.0,mm,64,0.8302067500000001,gower,20,mu_out,0,0.6091985218506077,0.9556189466762577,0.9471998312687784,24.623733591903527,11.043835439129325,0.4485036925009869,7.660604597038421,0.3111065415180289,5.919293555735792,0.24038976598098424,1.0021207341908955,0.015576910260780508,0.000999000999000999,0.003996003996003996,0.986013986013986,,,
mst,1000.0,mm,64,0.8302067500000001,gower,20,v,0,0.8094960193163199,0.9291869235057726,0.9227531304950558,147.19196317772605,77.34284862375804,0.5254556495749083,43.03763649174593,0.2923912118746618,26.811478062222097,0.18215313855042978,1.001627772032947,0.013063223857032343,0.000999000999000999,0.000999000999000999,1.0,-0.05333700037157841,0.004762922292981451,
mst,1000.0,mm,64,0.8302067500000001,gower,20,v_std,0,0.2598040160952509,0.9712268018812492,0.9287399416282989,33.034243470289155,14.331260442120088,0.4338304418870542,11.784033192023516,0.3567217515552313,6.918949836145575,0.2094478065577146,1.0009432851296425,0.03295761508811863,0.017982017982017984,0.1258741258741259,0.9430569430569431,,,
mst,1000.0,mm,64,0.8302067500000001,gower,20,v_resid_density,0,0.7861130943710649,0.9160660804821307,0.9066185151820187,127.02574276637871,70.26120646525811,0.5531257281799962,34.973807463571,0.2753285019391195,21.790728837549604,0.17154576988088427,1.0015601188749321,0.013046554580500623,0.000999000999000999,0.000999000999000999,1.0,,,0.12057185098456802
mst,1000.0,kde,64,0.51318625,gower,20,mu_out,0,0.8231090980640815,0.8426671786066443,0.8261223810390452,120.29973271101144,75.30414266677921,0.6259709890434891,22.342887163432884,0.1857268229939115,22.65270288079934,0.18830218796259937,1.0028336987352875,0.01244606936690498,0.000999000999000999,0.000999000999000999,1.0,,,
mst,1000.0,kde,64,0.51318625,gower,20,v,0,0.04206476623990128,1.0042857573156914,1.0358761198987148,1.9205827214924176,-0.4901450375803831,-0.2552064183934281,0.6952087340964033,0.36197802173091537,1.7155190249763985,0.8932283966625127,1.0031659845198475,0.18993601251252493,0.5564435564435565,0.8921078921078921,0.13886113886113885,-0.8741226528353442,2.0189290593871356,
mst,1000.0,kde,64,0.51318625,gower,20,v_std,0,0.04948277988682857,1.002689837674942,0.9782038136268532,3.454870120613473,-0.718718850267494,-0.20803064230381968,3.4031130711818114,0.9850191041559435,0.7704758996991472,0.22301153814787616,1.012637295853243,0.1657815534245939,0.4205794205794206,0.8811188811188811,0.6163836163836164,,,
mst,1000.0,kde,64,0.51318625,gower,20,v_resid_density,0,0.04001553592492208,1.0048730349431805,1.0386522490824666,1.8200885456146843,-0.5176067268469576,-0.2843854647039443,0.661526810022865,0.36345858646094237,1.6761684624387752,0.9209268782430019,1.009007923848726,0.2097667783470541,0.5684315684315684,0.8631368631368631,0.13586413586413587,,,0.007664277976706324
mst,1000.0,dcr,64,0.528438,gower,20,mu_out,0,0.9514946450505758,0.9974944285312715,0.997897876611013,281.04670342401846,100.10045519575577,0.3561701808853208,76.94763759547453,0.2737895042283514,103.99861063278813,0.37004031488632766,1.001901350264668,0.011444304623269981,0.34965034965034963,0.1998001998001998,0.11488511488511488,,,
mst,1000.0,dcr,64,0.528438,gower,20,v,0,0.01711840744101051,1.0047733413307514,1.0222456568945506,0.49737667318524525,-0.14869672591865546,-0.2989620019097171,0.4628827643669298,0.9306483181098713,0.18319063473696903,0.3683136837998459,1.0157603887676911,0.4684868057860228,0.5174825174825175,0.6743256743256744,0.4985014985014985,-3.5674545434128,3.2077859758592617,
mst,1000.0,dcr,64,0.528438,gower,20,v_std,0,0.04958147240623387,1.00275005175583,1.0195945738379193,3.604455266901195,-0.14829570642577605,-0.041142335094997144,1.8773134150541086,0.5208313811779018,1.8754375582728557,0.5203109539170954,1.0051540956639866,0.1671887844765158,0.5434565434565435,0.7952047952047953,0.34865134865134867,,,
mst,1000.0,dcr,64,0.528438,gower,20,v_resid_density,0,0.01346875876932145,1.003891639339907,0.9695026072536816,0.38944209105193317,-0.13532125599385156,-0.34747465439170255,0.36500042491101836,0.9372392797221987,0.15976292213476384,0.410235374669504,1.0154097994947968,0.6162173836462542,0.4755244755244755,0.6603396603396603,0.48951048951048953,,,0.008592830807086616
mst,3.16,mm,64,0.5269495000000001,gower,20,mu_out,0,0.8877577048867953,0.9638487423345955,0.9624432387735141,159.5952835563657,64.82330224341442,0.40617304470980936,49.84544540069179,0.3123240504979424,44.926535912259475,0.28150290479224827,1.002239476542746,0.01170400381984374,0.000999000999000999,0.017982017982017984,0.9530469530469531,,,
mst,3.16,mm,64,0.5269495000000001,gower,20,v,0,-0.04557548961143107,0.98680148517177,1.0048308684084228,-2.1910680727944927,-1.9118223835440358,0.8725527094672549,-0.14393188459797643,0.06569028428879668,-0.135313804652486,0.06175700624394849,1.0074935187095175,0.17599969798548096,0.4955044955044955,0.11988011988011989,0.7062937062937062,-2.182671354940929,1.6349920907987636,
mst,3.16,mm,64,0.5269495000000001,gower,20,v_std,0,0.07677628413135194,0.9903609466318258,0.9653988697892136,5.037015013760573,-1.2589510041963734,-0.24993989510792772,4.386042660431129,0.8707622765564418,1.909923357525812,0.3791776185514859,1.0013347136254764,0.11004245457380929,0.37362637362637363,0.987012987012987,0.43456543456543456,,,
mst,3.16,mm,64,0.5269495000000001,gower,20,v_resid_density,0,-0.0620693761690789,0.9916411782856028,0.9941977564496428,-2.9096127562196927,-1.952167178910171,0.6709371117297822,-0.40944411612588866,0.14072117165785938,-0.5480014611836321,0.18834171661235832,1.0005178515454258,0.1305463498907786,0.4755244755244755,0.16583416583416583,0.6733266733266733,,,0.03595230364478752
mst,3.16,kde,64,0.502396,gower,20,mu_out,0,0.9173393000241327,0.8946283890939373,0.8894794617287513,224.59204428545561,125.28361847195572,0.5578274995027016,52.52574371990595,0.23387179134959,46.782682093593905,0.2083007091477083,1.0022952669367258,0.011935876072656658,0.000999000999000999,0.000999000999000999,1.0,,,
mst,3.16,kde,64,0.502396,gower,20,v,0,-0.02667926885287688,1.0038769652001798,1.1614984888070539,-1.0052364245776626,-0.0905648823175946,0.09009311650803437,0.13630508545613723,-0.1355950521922294,-1.0509766277161978,1.045501935684195,1.0132294455771083,0.3048300851635227,0.6913086913086913,0.6193806193806194,0.17782217782217782,-2.0211686065208996,2.2679869160949893,
mst,3.16,kde,64,0.502396,gower,20,v_std,0,-0.010622216287392417,1.010970208603417,1.5527021253041544,-0.7682678608569262,0.9896001868355719,-1.2880926526482297,0.7338869390439091,-0.955248782924925,-2.4917549867364017,3.2433414355731545,0.9924133683354885,0.7642147910938503,0.7802197802197802,0.7982017982017982,0.07292707292707293,,,
mst,3.16,kde,64,0.502396,gower,20,v_resid_density,0,-0.026452882751687022,1.0051424879164297,1.1019298920675367,-0.9952647330031766,-0.21579039734426395,0.21681708412708015,0.1853383742293933,-0.18622017648524802,-0.9648127098882979,0.9694030923581679,0.9872107578436012,0.32331993246202545,0.6513486513486514,0.5474525474525475,0.21978021978021978,,,0.0013266993231415558
mst,3.16,dcr,64,0.513051375,gower,20,mu_out,0,0.9539886575417524,0.9829914026975444,0.9829859842625924,289.41033550093044,106.4324162145551,0.3677560997617273,81.0130886205153,0.2799246560434428,101.96483066585992,0.3523192441948299,1.0020753223522412,0.01154075570924778,0.05194805194805195,0.12487512487512488,0.2647352647352647,,,
mst,3.16,dcr,64,0.513051375,gower,20,v,0,0.006604531686995941,0.9852714824772747,-1.0865523330154032,0.18483615900242334,0.6433002623287482,3.4803810347536626,-0.8907149347191939,-4.8189431090023565,0.43225083139286957,2.338562074248694,1.023462499750818,1.1889110860607326,0.03696303696303696,0.15384615384615385,0.2827172827172827,-2.7236993096994473,8.81118822177581,
mst,3.16,dcr,64,0.513051375,gower,20,v_std,0,-0.018222054220710514,0.9817512208258846,1.8919581511640853,-1.2726827831093606,1.6191955255358537,-1.2722695293951471,-2.376542400036219,1.8673485895911601,-0.5153359086089964,0.4049209398039869,1.0088045059065476,0.45229246362959197,0.973026973026973,0.9180819180819181,0.48151848151848153,,,
mst,3.16,dcr,64,0.513051375,gower,20,v_resid_density,0,0.009221634487474643,0.986199754101795,-0.5070745603152087,0.25703453784873964,0.6416833936420806,2.496487044164081,-0.8416459744026892,-3.274447011856372,0.4569971186093482,1.7779599676922915,1.024807221893895,0.8853200668581653,0.04395604395604396,0.17782217782217782,0.2787212787212787,,,0.001145111233091023
mst,31.62,mm,64,0.6826490000000001,gower,20,mu_out,0,0.5963388680387808,0.9607129988523393,0.958809571183095,31.308731513103194,13.550109270708113,0.4327901072912258,8.278608122164488,0.2644185095362219,9.480014120230592,0.3027913831725523,1.0024985234528079,0.015931833888258376,0.01098901098901099,0.008991008991008992,0.8031968031968032,,,
mst,31.62,mm,64,0.6826490000000001,gower,20,v,0,0.39278825169278003,0.9303590377429201,0.883730847425957,31.8038008688447,19.26975339940784,0.6058946689697291,6.305901631341377,0.19827509477078564,6.22814583809548,0.19583023625948526,1.002549650283559,0.021521058394925935,0.000999000999000999,0.000999000999000999,0.994005994005994,-0.1601932670258923,-0.007910514223907318,
mst,31.62,mm,64,0.6826490000000001,gower,20,v_std,0,0.04414719233707287,0.9930015723924094,1.1249432089686475,3.52731822873163,1.2305639461111664,0.3488667214904671,1.4517304407439906,0.41156775391541844,0.8450238418764763,0.23956552459411443,1.0112619892120274,0.1811940186862014,0.7412587412587412,0.46653346653346656,0.5744255744255744,,,
mst,31.62,mm,64,0.6826490000000001,gower,20,v_resid_density,0,0.3186629170955189,0.9295835533093421,0.8653787743580404,22.88200926632214,14.018341908679536,0.6126359685253605,4.346886299621259,0.18996960664721999,4.516781058021339,0.1973944248274194,1.0020027008292218,0.02648629320004293,0.000999000999000999,0.000999000999000999,0.981018981018981,,,0.15708376266820478
mst,31.62,kde,64,0.505166,gower,20,mu_out,0,0.894025369497318,0.8914942529045721,0.8865742275641681,174.44594242287891,98.36720217597714,0.5638835779712359,39.24727910417064,0.22498247055256984,36.83146114273109,0.2111339514761943,1.0022392300436689,0.012185362481171134,0.000999000999000999,0.000999000999000999,1.0,,,
mst,31.62,kde,64,0.505166,gower,20,v,0,0.07219017987141908,0.9977890893789295,1.020161812322515,3.218046659052066,2.0215328549538016,0.6281863096258773,-0.35365090782487774,-0.10989614051433672,1.550164711923143,0.4817098308884594,0.9999232064061814,0.10890015077654117,0.5574425574425574,0.15684315684315683,0.29270729270729273,-0.44816190096519504,1.5933369025795383,
mst,31.62,kde,64,0.505166,gower,20,v_std,0,0.057019520892660186,0.9915092809509849,0.8580613132994013,4.474332802837242,4.218287611817105,0.942774665564042,-0.11319722335125548,-0.025299240878880396,0.36924241437139405,0.0825245753148384,1.0035461482846924,0.14227881675485618,0.13986013986013987,0.055944055944055944,0.7712287712287712,,,
mst,31.62,kde,64,0.505166,gower,20,v_resid_density,0,0.07447073502106974,0.9979937443652493,1.0131493414110295,3.311379486041999,2.114832549859664,0.6386560521903406,-0.4287590889524784,-0.12948050525763266,1.6253060251348164,0.4908244530672921,0.995445781172501,0.11313456926405498,0.5494505494505495,0.15684315684315683,0.2997002997002997,,,0.0006526034116031143
mst,31.62,dcr,64,0.5244482500000001,gower,20,mu_out,0,0.9519010251366767,0.9918680282925854,0.9926581162388326,281.73301716836494,100.95893953128852,0.35834969059006316,78.37228741820415,0.27817927840302975,102.40179021887226,0.3634710310069071,1.0021500275568767,0.011487009778526198,0.21178821178821178,0.2007992007992008,0.15784215784215785,,,
mst,31.62,dcr,64,0.5244482500000001,gower,20,v,0,0.07829773210863573,0.9927026113074752,1.0732126096875028,2.0276881595946006,0.18503117846912864,0.09125228531497774,0.5014397276461,0.24729627446577074,1.3412172534793725,0.6614514402192516,1.0060336213418652,0.10468850749177358,0.7402597402597403,0.8181818181818182,0.0999000999000999,-1.8121360200452028,1.6957039547228014,
mst,31.62,dcr,64,0.5244482500000001,gower,20,v_std,0,0.09294810493696766,0.9943102091658221,1.062035710201451,6.126463427614923,0.7571308411238253,0.12358367108029594,1.9906160639838724,0.3249209086944363,3.3787165225072275,0.5514954202252678,1.0058118544286772,0.08817488406943105,0.7302697302697303,0.8081918081918081,0.1798201798201798,,,
mst,31.62,dcr,64,0.5244482500000001,gower,20,v_resid_density,0,0.07551955077894124,0.9921652744207597,1.0619792221487252,1.9420675889669246,0.28506093846490477,0.1467821923831918,0.40137005448880647,0.2066715168766672,1.2556365960132148,0.6465462907401409,0.9987026860446269,0.10853660652558784,0.7152847152847153,0.7492507492507493,0.12887112887112886,,,0.0097647086837922
priv,0.1,mm,64,0.50272625,gower,20,mu_out,0,0.9996722025945798,0.8972453014650756,0.8972334436471837,496.40914477654553,250.73069313482665,0.5050887876928435,137.7088089354521,0.27740989541488115,107.96964270626687,0.2175013168922754,1.002175753139418,0.01147141496729542,0.000999000999000999,0.000999000999000999,1.0,,,
priv,0.1,mm,64,0.50272625,gower,20,v,0,0.012548659876125254,1.0004523767612146,0.46096021981567575,0.004152921081496495,0.0014098260567386982,0.3394781718873063,0.003200364470158784,0.7706297344339398,-0.0004572694454009485,-0.11010790632124612,0.9893810939439531,0.6243002011224528,0.2047952047952048,0.5014985014985015,0.6113886113886113,-1.1084935170217234,1.3326373206400008,
priv,0.1,mm,64,0.50272625,gower,20,v_std,0,0.03975300896231315,1.0020580691759802,0.9826305011237609,2.6414184137431,0.26748069001433866,0.10126403625516343,1.089013037368304,0.4122834276092902,1.2849246863604682,0.4864525361355464,1.0095307491828316,0.20576411770711409,0.44155844155844154,0.6793206793206793,0.4065934065934066,,,
priv,0.1,mm,64,0.50272625,gower,20,v_resid_density,0,0.013323877580003751,1.0016929638719174,0.518214099642325,0.004402296311766554,0.0011706234828211728,0.26591201498460926,0.003166284457461594,0.7192347432403946,6.538837148384324e-05,0.01485324177499614,1.0072760965924126,0.6179786251078445,0.21178821178821178,0.5194805194805194,0.5814185814185814,,,0.001532873350340136
priv,0.1,kde,64,0.506688,gower,20,mu_out,375,0.4483227354723767,0.9698548516218058,1.0141326440045118,48.002689748807974,15.339401305743449,0.31955295392846955,12.28817386809779,0.25598927752591066,20.375114574966727,0.4244577685456198,1.001775383682955,0.01932483504852705,0.7292707292707292,0.5874125874125874,0.04595404595404595,,,
priv,0.1,kde,64,0.506688,gower,20,v,500,,,,,,,,,,,,,0.000999000999000999,0.000999000999000999,0.000999000999000999,,,
priv,0.1,kde,64,0.506688,gower,20,v_std,500,,,,,,,,,,,,,0.000999000999000999,0.000999000999000999,0.000999000999000999,,,
priv,0.1,kde,64,0.506688,gower,20,v_resid_density,500,,,,,,,,,,,,,0.000999000999000999,0.000999000999000999,0.000999000999000999,,,0.016592597414482935
priv,0.1,dcr,64,0.50139625,gower,20,mu_out,0,0.9871711807615267,0.7639783195544491,0.7628199507194618,423.32200236928435,263.8180728652032,0.6232089789537136,74.44613647501248,0.17586172242015785,85.05779302906862,0.20092929862612854,1.001980216081441,0.011390503067297702,0.000999000999000999,0.000999000999000999,1.0,,,
priv,0.1,dcr,64,0.50139625,gower,20,v,0,-0.01562527019521975,1.0020221003307805,1.24013470793102,-0.1628477338926405,0.1512293962552697,-0.9286552083983454,-0.08225806609858761,0.5051225714495763,-0.23181906404932406,1.4235326369487693,1.0125856422831077,0.5110570861547641,0.6813186813186813,0.8391608391608392,0.21178821178821178,-1.3005455506927102,1.9353367971414155,
priv,0.1,dcr,64,0.50139625,gower,20,v_std,0,-0.024355618121376748,1.0022728038345776,1.1736111416101573,-1.7864573480089054,0.956194687636294,-0.5352463011232921,-0.21631261838570257,0.12108468115781955,-2.5263394172595,1.4141616199654725,1.0027755690974294,0.3246737789117845,0.7122877122877123,0.8621378621378621,0.09090909090909091,,,
priv,0.1,dcr,64,0.50139625,gower,20,v_resid_density,0,-0.014016445272776684,1.0015368157862077,1.2573449649063704,-0.1454787769810338,0.1692352259414635,-1.1632983824405172,-0.07147141551069267,0.4912841377543994,-0.2432425874118065,1.6720142446861177,0.9948301836917398,0.5822482923120817,0.6833166833166833,0.8471528471528471,0.18981018981018982,,,0.0030299546534946487
priv,0.32,mm,64,0.50528375,gower,20,mu_out,0,0.9993160196869066,0.9377535928128161,0.9377596742871825,495.0989104923946,218.67065311907822,0.4416706409262787,154.29910990596449,0.3116530992817338,122.12914746735191,0.2466762597919875,1.0023346920790746,0.011289174129052806,0.000999000999000999,0.001998001998001998,0.996003996003996,,,
priv,0.32,mm,64,0.50528375,gower,20,v,0,0.02903518449449826,1.0089380394969132,1.3707217273631456,0.017793122103276,0.0011967220111179476,0.06725756189227829,0.00021817200240812143,0.01226159193096039,0.01637822808974989,0.9204808461767613,1.021933094064032,0.2883088502557395,0.8821178821178821,0.6183816183816184,0.21978021978021978,-0.7278072642555515,1.5678857903799717,
priv,0.32,mm,64,0.50528375,gower,20,v_std,0,0.06552213917801938,1.008590921665291,1.0776954040702122,4.460479969747948,3.23802701075012,0.7259369020175411,-0.20282564096003974,-0.045471707604484775,1.425278599957867,0.31953480558694375,1.0008780793648082,0.12404376713590261,0.7282717282717283,0.12787212787212787,0.5194805194805194,,,
priv,0.32,mm,64,0.50528375,gower,20,v_resid_density,0,0.018269660987075064,1.0146519911520888,1.7594972702526783,0.01107250860972912,-0.0034463266185049625,-0.311250750844012,-0.0021749719180598317,-0.1964299143690663,0.01669380714629387,1.5076806652130783,1.0101928551511066,0.42471894065531995,0.962037962037962,0.7062937062937062,0.15384615384615385,,,0.023936255830909303
priv,0.32,kde,64,0.50372175,gower,20,mu_out,0,0.9721610727360029,0.788789335235576,0.7867126656591674,356.3950233111362,239.16532633543142,0.6710680865109553,61.87989955728983,0.1736272829580679,55.34979741841488,0.15530463053097684,1.0021541358208197,0.011690392769195385,0.000999000999000999,0.000999000999000999,1.0,,,
priv,0.32,kde,64,0.50372175,gower,20,v,0,-0.011903076749620541,0.991130867724276,1.8578618438562255,-0.2196497600244163,0.8661344848477819,-3.9432525888100067,-0.563307440173909,2.5645711614312168,-0.5224768046982906,2.37868142737879,0.9940959882080183,0.6712510478333503,0.9000999000999002,0.989010989010989,0.11688311688311688,-2.047734791463068,2.5683832598402474,
priv,0.32,kde,64,0.50372175,gower,20,v_std,0,-0.008259936065841066,0.9907887032852986,2.591003770061571,-0.608114695905,3.5023396553153088,-5.7593405962720245,-2.4024613575609406,3.950671433758998,-1.7079929936593725,2.8086691625130267,1.0096143796874752,1.007363972301847,0.9440559440559441,0.996003996003996,0.17482517482517482,,,
priv,0.32,kde,64,0.50372175,gower,20,v_resid_density,0,-0.011890162456808328,0.9907551934424815,1.823784650712548,-0.21669026333966163,0.8502834148728637,-3.923957642434708,-0.5773023905897328,2.6641824219153123,-0.48967128762279494,2.259775220519395,1.013782391268642,0.6868326193156943,0.8821178821178821,0.99000999000999,0.13986013986013987,,,0.012857078859485171
priv,0.32,dcr,64,0.5043576249999999,gower,20,mu_out,0,0.9734812557830559,0.8923890503840061,0.8917509909394059,357.7871022837005,180.52005527397364,0.5045460110824054,80.81155418105283,0.22586491705610687,96.45549282867398,0.26958907186148773,1.0018435167929924,0.01132257174352523,0.000999000999000999,0.000999000999000999,0.987012987012987,,,
priv,0.32,dcr,64,0.5043576249999999,gower,20,v,0,-0.026475089210571363,0.9896014222229131,1.3561600748704676,-0.48810117793862834,0.14947515256886212,-0.3062380492506355,-0.3922142946633579,0.8035512151799706,-0.24536203584413013,0.502686834070665,1.0045090177974638,0.3185979012668041,0.8681318681318682,0.7882117882117882,0.42357642357642356,-8.320254988753735,2.792696841064213,
priv,0.32,dcr,64,0.5043576249999999,gower,20,v_std,0,-0.02041616853635386,0.9980741709844774,1.198727366883875,-1.4222487827140315,-0.0642476281872083,0.04517326994269366,-0.8192341082442064,0.5760132251130422,-0.5387670462826147,0.37881350494426425,1.004044216063824,0.40956481569766734,0.6903096903096904,0.5994005994005994,0.4885114885114885,,,
priv,0.32,dcr,64,0.5043576249999999,gower,20,v_resid_density,0,-0.02536105078840162,0.9912194857864428,1.3502181326927718,-0.46526833750109065,0.14361968703237116,-0.3086814112555744,-0.34474067381144374,0.7409502130813631,-0.2641473507220168,0.5677311981742112,0.9910986122678411,0.3224557202865643,0.8741258741258742,0.7942057942057942,0.3876123876123876,,,0.0017693481433509461
priv,1.0,mm,64,0.5130347500000001,gower,20,mu_out,0,0.9987122949258481,0.9539204870808721,0.9539230295270005,489.9595516967283,198.87948896568753,0.4059100149736208,158.82134781520767,0.3241519575752934,132.25871491583314,0.2699380274510858,1.0021609273585448,0.010811359549351437,0.000999000999000999,0.017982017982017984,0.988011988011988,,,
priv,1.0,mm,64,0.5130347500000001,gower,20,v,0,0.015702531219011544,0.9971018513391922,1.737831729264667,0.017066617650738407,-0.01820862762809914,-1.066914839292212,-0.01629540520876157,-0.9548116411957341,0.05157065048759906,3.0217264804879465,1.0054521723025536,0.48880704491649135,0.936063936063936,0.8531468531468531,0.01898101898101898,-0.6742290837271203,0.978950911770667,
priv,1.0,mm,64,0.5130347500000001,gower,20,v_std,0,0.01830518549687884,0.9943144641413079,1.4439693044708368,1.2516768060700791,-1.5485851747941024,-1.2372084928666562,0.8538850774347138,0.6821929377406006,1.9463769034294596,1.5550155551260556,1.0014869967435347,0.4447858180151538,0.8471528471528471,0.916083916083916,0.13086913086913088,,,
priv,1.0,mm,64,0.5130347500000001,gower,20,v_resid_density,0,0.008047336571869993,1.0001830055208203,2.6690096457622023,0.008647720061515398,-0.021359802782418023,-2.469992394582112,-0.020467541340583713,-2.3668135872794664,0.05047506418451707,5.836805981861579,1.0274471991737897,0.992593044306783,0.9530469530469531,0.8461538461538461,0.01898101898101898,,,0.016223611496377965
priv,1.0,kde,64,0.5020065,gower,20,mu_out,0,0.9649246433450388,0.8494123694738657,0.8468213508373847,330.47806401373697,200.63557444178878,0.6071070860347602,73.0275271231543,0.22097541433224677,56.81496244879388,0.17191749963299305,1.0020377606890252,0.011358481308204507,0.000999000999000999,0.000999000999000999,1.0,,,
priv,1.0,kde,64,0.5020065,gower,20,v,0,-0.10196900686459157,1.0164661035056346,0.909504146094102,-2.0720872657479554,-0.7842571747300099,0.3784865568617448,-0.15532406206180213,0.07496019334192253,-1.1325060289561408,0.5465532497963327,1.002538446733435,0.08205837733604507,0.12387612387612387,0.4165834165834166,0.15684315684315683,-0.6705744710205856,2.1880426102998394,
priv,1.0,kde,64,0.5020065,gower,20,v_std,0,0.008199335697671839,1.0152312504862997,1.6396121991885508,0.5462526739791398,0.3444573157613102,0.6305823882785353,1.4700567349967752,2.6911662038891526,-1.2682613767789328,-2.321748592167688,1.0152042370570187,1.0025811428977212,0.7342657342657343,0.43956043956043955,0.8531468531468531,,,
priv,1.0,kde,64,0.5020065,gower,20,v_resid_density,0,-0.10114135078385325,1.016937466282558,0.9138094017652232,-2.0511897289300975,-0.7508640313079507,0.36606269069980346,-0.14557085018135957,0.07096898357485912,-1.1547548474407838,0.5629683257253375,1.0011210244808793,0.08159130422682186,0.14685314685314685,0.42957042957042957,0.12687312687312688,,,0.00039190014780299265
priv,1.0,dcr,64,0.507849125,gower,20,mu_out,0,0.9730830994435443,0.9142282379609092,0.9136931560926403,352.4806426638857,161.81032814250025,0.45906160099917154,86.97741215698306,0.2467579822246351,103.69290236440239,0.2941804167761934,1.0019795143077623,0.011827749616598363,0.000999000999000999,0.000999000999000999,0.9100899100899101,,,
priv,1.0,dcr,64,0.507849125,gower,20,v,0,-0.08006847003338745,1.0066713504207156,0.9632680272264159,-1.4462026679299602,-0.4447199105400915,0.3075087056620126,-1.1615725158813754,0.8031879221630853,0.16008975849150645,-0.11069662782509788,1.0007618205166544,0.10005341576293109,0.3546453546453546,0.5554445554445554,0.9590409590409591,-0.6288907623487212,2.051472505449166,
priv,1.0,dcr,64,0.507849125,gower,20,v_std,0,-0.06183525959270503,1.005586767833398,0.9863292083861799,-4.087800242042679,-1.1228156637601785,0.274674787728645,-3.3013651272534146,0.8076141033750007,0.33638054897090736,-0.08228889110364576,0.9903565337682456,0.13146179924098375,0.4805194805194805,0.5854145854145855,0.8791208791208791,,,
priv,1.0,dcr,64,0.507849125,gower,20,v_resid_density,0,-0.07861855218695281,1.007826456054231,0.9645827624180868,-1.4155150351820704,-0.42021543433370573,0.29686398511454537,-1.13737784761414,0.8035081361519018,0.14207824676577402,-0.10037212126644708,1.00173524665743,0.10519855601369339,0.35764235764235763,0.5614385614385614,0.9370629370629371,,,0.0017551822238203174
priv,10.0,mm,64,0.555859,gower,20,mu_out,0,0.9516567532254526,0.9772682207936063,0.9772441427053938,263.3112869740938,100.97280892896856,0.38347315107271845,82.90296330162414,0.3148477387897947,79.43551474350105,0.30167911013748694,1.001708317685079,0.011525303345072326,0.024975024975024976,0.08191808191808192,0.8571428571428571,,,
priv,10.0,mm,64,0.555859,gower,20,v,0,0.10387941226024554,0.9808577520573724,0.9341980365382425,3.3512005316766973,1.406857472555835,0.4198070092367609,1.3685341951924332,0.4083713231293027,0.5758088639284236,0.17182166763393644,1.004011553937234,0.07689923095738557,0.18581418581418582,0.31868131868131866,0.7712287712287712,-1.1107056604250267,0.7832913139344495,
priv,10.0,mm,64,0.555859,gower,20,v_std,0,0.020102554059484284,0.9911775924164891,0.5157824396720275,1.5694453773377544,1.9752826550529028,1.2585864303245626,1.2682237958895664,0.8080713188252883,-1.674061073604721,-1.066657749149851,1.0150263063487932,0.4177316458896653,0.1068931068931069,0.1878121878121878,0.9120879120879121,,,
priv,10.0,mm,64,0.555859,gower,20,v_resid_density,0,0.09386419660037315,0.9848751201645337,0.9550979373268138,2.9909856061321785,1.204625925242123,0.4027521639597253,1.231577797855205,0.4117631978335844,0.5547818830348443,0.1854846382066903,1.004850521600974,0.08277677217050798,0.26873126873126874,0.36563436563436563,0.7332667332667333,,,0.019015981200853793
priv,10.0,kde,64,0.50050925,gower,20,mu_out,0,0.9475514554206695,0.9007490259271932,0.8990122737394745,275.54677021666095,150.7965844340925,0.5472631173122513,67.77149565023484,0.24595278542712173,56.97869013233365,0.2067840972606269,1.002162485070263,0.011433617658814538,0.000999000999000999,0.000999000999000999,1.0,,,
priv,10.0,kde,64,0.50050925,gower,20,v,0,0.06611062436787225,0.9818165900794761,0.7747927440602496,2.0136844329827626,1.4242079984051523,0.7072647407297815,0.5799722756883552,0.28801547362079605,0.009504158889256875,0.004719785649422171,1.006554096893486,0.12507058085277165,0.028971028971028972,0.1258741258741259,0.8441558441558441,-3.3521995073373785,3.554324362817177,
priv,10.0,kde,64,0.50050925,gower,20,v_std,0,0.06113273727986327,1.0099741433042477,1.0244375695278678,4.377098320894514,-0.08731726491801195,-0.019948664278614504,1.6908593042559916,0.3862968524569133,2.773556281556536,0.6336518118217013,1.0010047941083549,0.13808026334451132,0.5634365634365635,0.8251748251748252,0.2137862137862138,,,
priv,10.0,kde,64,0.50050925,gower,20,v_resid_density,0,0.06632595350939292,0.9855941407278549,0.8058142207771966,2.00620807384962,1.3419667771619306,0.6689070763168105,0.6267570051430756,0.31240877420078356,0.03748429154461602,0.018684149482405932,1.0064660014077322,0.11999415414763925,0.03796203796203796,0.14385614385614387,0.8551448551448552,,,0.007018789576961004
priv,10.0,dcr,64,0.510704875,gower,20,mu_out,0,0.9599404751535485,0.9417739231512634,0.9408868656620997,315.92996221348557,128.4435926229028,0.406557174010956,83.22591753508343,0.2634315433458147,104.26045205549934,0.3300112826432293,1.0019204108830133,0.011507444355816852,0.000999000999000999,0.006993006993006993,0.5174825174825175,,,
priv,10.0,dcr,64,0.510704875,gower,20,v,0,-0.014468457375731948,1.0124198778779654,0.9994288447534864,-0.3348480678623936,-0.0015240957224645219,0.004551603753290433,-0.29159467531011196,0.8708268116092073,-0.04172929682981741,0.12462158463750221,1.0215762560045099,0.5640549156032839,0.46053946053946054,0.5534465534465535,0.5444555444555444,-2.438068828103849,2.0035312916805212,
priv,10.0,dcr,64,0.510704875,gower,20,v_std,0,-0.016646452606861536,1.0084237906656166,1.1346387111277783,-1.0942888886243791,0.3338430702813759,-0.30507763877694805,-0.8875905205644562,0.8111116998366305,-0.5405414383412974,0.4939659389403176,1.0222482684839511,0.4975371147925745,0.5864135864135864,0.6773226773226774,0.45054945054945056,,,
priv,10.0,dcr,64,0.510704875,gower,20,v_resid_density,0,-0.01470084407461322,1.0129613163707845,0.9884370747463281,-0.3399770833368595,-0.016173607937759987,0.04757264159988865,-0.29608476979901643,0.8708962583388158,-0.027718705600085047,0.08153110006129548,0.9947723756203234,0.5765695441846791,0.4975024975024975,0.5684315684315684,0.5594405594405595,,,0.0012577380310074826
priv,100.0,mm,64,0.7290105,gower,20,mu_out,0,0.718155046946579,0.9515533652932038,0.9437476143570203,55.486157763409025,25.415161303325753,0.4580450751644236,12.491232246947845,0.22512339564418948,17.579764213135427,0.3168315291913869,1.001409455862669,0.013473975990295185,0.000999000999000999,0.000999000999000999,0.6603396603396603,,,
priv,100.0,mm,64,0.7290105,gower,20,v,0,0.7338485955443108,0.9378374743418159,0.9238107050871159,106.74066888087353,54.12823480168201,0.5071003898438288,29.437874412886654,0.27578873845863183,23.174559666304866,0.21711087169753937,1.0017344290308976,0.0135525078749473,0.000999000999000999,0.000999000999000999,1.0,-0.05376647376210494,0.012843018158351177,
priv,100.0,mm,64,0.7290105,gower,20,v_std,0,0.25446576291100564,0.9429054844568281,0.8418146976501863,27.04972148238797,18.194529792785207,0.6726327960393835,5.282845202982308,0.19530127903246464,3.572346486620469,0.1320659249281519,1.0029738157996337,0.03258588487568236,0.000999000999000999,0.000999000999000999,0.9920079920079921,,,
priv,100.0,mm,64,0.7290105,gower,20,v_resid_density,0,0.6450396025293338,0.9231695854889502,0.8979154971658658,70.26269328552586,38.29513554124184,0.545028004913251,16.924172149412588,0.2408699604018591,15.043385594871443,0.21410203468488995,1.0011394619700262,0.014986233860116315,0.000999000999000999,0.000999000999000999,1.0,,,0.29117910245652634
priv,100.0,kde,64,0.51271325,gower,20,mu_out,0,0.931487109959551,0.91933028339015,0.9165649578315842,244.29291930532096,133.78869040657005,0.547656848945994,55.06724971944787,0.22541484164190614,55.43697917930301,0.22692830941209985,1.0021700403545177,0.011308094580810042,0.000999000999000999,0.000999000999000999,1.0,,,
priv,100.0,kde,64,0.51271325,gower,20,v,0,-0.0696919724936296,1.0101601530417454,0.8768245993980683,-2.557270429169244,-1.7789129211482715,0.6956295669231086,-0.4425499071351424,0.17305557601075058,-0.3358076008858272,0.13131485706614068,1.0000578264971378,0.12106622657274986,0.14285714285714285,0.12287712287712288,0.7542457542457542,-0.736951611690843,2.585160168562073,
priv,100.0,kde,64,0.51271325,gower,20,v_std,0,-0.07596542618721262,1.018009113262787,0.8992460607438433,-5.2175096441813515,-3.565514826040204,0.6833748414852534,-1.1772081110749337,0.2256264370086555,-0.4747867070662022,0.09099872150609109,1.007604927229606,0.10820029334207179,0.14185814185814186,0.08491508491508491,0.7962037962037962,,,
priv,100.0,kde,64,0.51271325,gower,20,v_resid_density,0,-0.07171266924711564,1.013988759290482,0.8460743661848446,-2.621507589596205,-1.8609202713220525,0.7098664442961595,-0.40187010865363826,0.15329732793775327,-0.3587172096205123,0.1368362277660872,1.006605767119967,0.11520052349493867,0.08591408591408592,0.0989010989010989,0.7522477522477522,,,0.006329986635152496
priv,100.0,dcr,64,0.548142875,gower,20,mu_out,0,0.9509005723240527,0.9934017288554833,0.9941591649727544,261.70929962213097,93.86419342063378,0.3586582271098491,74.24622367180152,0.28369730758135825,93.59888252969563,0.3576444653087927,1.0023555035800757,0.011464332322138678,0.23876123876123875,0.17782217782217782,0.22477522477522477,,,
priv,100.0,dcr,64,0.548142875,gower,20,v,0,0.11612045925631652,0.9646613077869614,0.89201591395089,3.611446533273274,3.2875009822364474,0.9103003331069042,-0.3879321457867716,-0.10741738586260162,0.7118776968236111,0.19711705275569744,1.003046441193387,0.07074847764862013,0.059940059940059943,0.000999000999000999,0.7812187812187812,-1.853189546004403,0.5212520573025758,
priv,100.0,dcr,64,0.548142875,gower,20,v_std,0,0.06789358530972323,0.9802110068888579,0.9268549315902046,4.723456841889182,5.400858693268933,1.1434123088354047,-1.376110248488343,-0.2913354127181881,0.698708397108622,0.1479231038827834,1.0086662937730626,0.1219945404304538,0.24375624375624375,0.002997002997002997,0.7392607392607392,,,
priv,100.0,dcr,64,0.548142875,gower,20,v_resid_density,0,0.07945415319052486,0.9747175422785123,0.9021410917239383,2.347030077799155,2.2732825520447966,0.9685783635872591,-0.38461291665372255,-0.16387217202362292,0.4583604424080947,0.1952938084363637,0.9969560732457314,0.1005140282698719,0.17582417582417584,0.01098901098901099,0.6833166833166833,,,0.08418902918429116
priv,1000.0,mm,64,0.89234225,gower,20,mu_out,0,0.7311281218431933,0.8788276041424776,0.8560822726144969,40.5024922218126,22.15570252760018,0.5470207217438398,9.741576371747227,0.24051794932512588,8.60521332246519,0.21246132893103445,1.001602799416937,0.014032619465786806,0.000999000999000999,0.000999000999000999,1.0,,,
priv,1000.0,mm,64,0.89234225,gower,20,v,0,0.8539176061320374,0.8968415758860336,0.8882766258566648,180.80764337300653,95.41055984013666,0.5276909651618238,46.311196210099794,0.2561351685479341,39.08588732277009,0.21617386629024207,1.0020783131958912,0.012380639952544388,0.000999000999000999,0.000999000999000999,1.0,0.010612194824490493,0.05753568443878532,
priv,1000.0,mm,64,0.89234225,gower,20,v_std,0,0.36704415951411123,0.9405165918192875,0.8863592208763695,90.17810817422499,50.35536269248069,0.5583989696833476,22.20725901661953,0.24625997890435772,17.61548646512474,0.19534105141229455,1.0023514251535455,0.023704113339129876,0.000999000999000999,0.000999000999000999,0.988011988011988,,,
priv,1000.0,mm,64,0.89234225,gower,20,v_resid_density,0,0.8005838186574336,0.8428483218854655,0.8234714645691851,123.94928236185234,76.10565839993541,0.6140064464250444,24.572907136462653,0.19824969268257264,23.270716825454308,0.18774386089238296,1.0017427154712284,0.01344746169790225,0.000999000999000999,0.000999000999000999,1.0,,,0.288529482082574
priv,1000.0,kde,64,0.5141145,gower,20,mu_out,0,0.9384016829448131,0.9288508223310928,0.9265407122037883,240.7864698527566,128.68070020766146,0.5344183179659183,56.532015926490644,0.23478069993326683,55.57375371860444,0.23080098210081476,1.0021102531095414,0.011841585093441095,0.000999000999000999,0.000999000999000999,1.0,,,
priv,1000.0,kde,64,0.5141145,gower,20,v,0,-0.012892188924319543,1.0314509722007632,-0.07236921952362255,-0.4194988969735225,-0.3461114153731885,0.8250591786300414,-1.3160195184105397,3.1371227145171283,1.2426320368101988,-2.9621818931471697,0.981448458874221,0.6224626731159986,0.04195804195804196,0.37362637362637363,0.9820179820179821,-1.3742822499483063,2.1264980034100347,
priv,1000.0,kde,64,0.5141145,gower,20,v_std,0,-0.0302407419041447,1.0136691990998123,0.8517853123512127,-2.002640962295434,-0.8589977499056409,0.4289324777023683,-2.743783686542584,1.370082674928227,1.6001404741527792,-0.7990151526305957,1.0146601488944376,0.26621158763007896,0.26873126873126874,0.4255744255744256,0.9340659340659341,,,
priv,1000.0,kde,64,0.5141145,gower,20,v_resid_density,0,-0.014161102504027577,1.034756163758024,-0.09532845140284639,-0.45843534007349407,-0.4498091171936448,0.9811833379196466,-1.2805423618356704,2.7932889328086365,1.2719161389558153,-2.7744722707282827,1.016777637607723,0.5566643560940315,0.023976023976023976,0.33166833166833165,0.977022977022977,,,0.005810684200885485
priv,1000.0,dcr,64,0.594133625,gower,20,mu_out,0,0.945929856017005,0.9733818986098705,0.9731689671397832,217.26375942681733,87.05660698320554,0.40069548282178885,54.875945215696895,0.25257753690937673,75.33120722791486,0.34672698026883436,1.0022707214196016,0.011568685054062925,0.006993006993006993,0.016983016983016984,0.33166833166833165,,,
priv,1000.0,dcr,64,0.594133625,gower,20,v,0,0.2034052133811306,0.9618142765608254,0.8895275853678098,8.264014713851411,4.475107375991914,0.5415173533622993,1.7864178449142667,0.21616827979747316,2.0024894929452284,0.24231436684022753,1.002182316996371,0.03880424069357615,0.002997002997002997,0.02197802197802198,0.8051948051948052,-0.3065293965933429,0.05123122252031947,
priv,1000.0,dcr,64,0.594133625,gower,20,v_std,0,0.11726952829215982,0.9703542239024138,0.8673972526110887,8.68622217599064,5.093856152356187,0.5864294107553425,1.6773562909251147,0.19310538654669104,1.91500973270935,0.2204652026979664,1.0027238617789231,0.07081031756080218,0.03396603396603397,0.0899100899100899,0.7232767232767233,,,
priv,1000.0,dcr,64,0.594133625,gower,20,v_resid_density,0,0.14107271760395595,0.9709427313524881,0.8879744054487902,5.306201473022885,2.5289165011733883,0.47659639650521823,1.20013349929333,0.22617563720391998,1.5771514725561673,0.2972279662908618,1.0022631907803485,0.05565424510784736,0.022977022977022976,0.1798201798201798,0.6213786213786214,,,0.1161222237800591
priv,3.16,mm,64,0.5244742500000001,gower,20,mu_out,0,0.9792734223233986,0.9625820587591751,0.9625883840254054,373.8037122559732,145.71840990574083,0.3898260106254799,123.66738730987814,0.330835096750439,104.41791504035422,0.2793388926240812,1.0022407698890188,0.010848141002917722,0.001998001998001998,0.03296703296703297,0.958041958041958,,,
priv,3.16,mm,64,0.5244742500000001,gower,20,v,0,0.07465147356760773,1.0087096543406577,1.063417944254473,1.1220906645012834,0.18411163560630728,0.1640791082493643,0.14875553912160203,0.13256998193431796,0.7892234897733745,0.7033509098163178,0.9994667034310681,0.11068547309207934,0.7232767232767233,0.7292707292707292,0.1088911088911089,-0.7950288599253182,0.43367992717892956,
priv,3.16,mm,64,0.5244742500000001,gower,20,v_std,0,0.008737326085394645,1.0011908909253864,0.327727477056452,0.6506702421217083,0.9342246225411669,1.4357881489936284,0.6160486896179926,0.9467909391540271,-0.899603070037449,-1.3825790881476556,1.0199501797724204,0.9543548393786879,0.23476523476523475,0.3246753246753247,0.7442557442557443,,,
priv,3.16,mm,64,0.5244742500000001,gower,20,v_resid_density,0,0.06900387081276953,1.0110527333916428,1.0607837139321998,1.024403665181669,0.18895871920574106,0.1844572853731745,0.06157844055375322,0.060111499642899864,0.7738665054221749,0.7554312149839256,1.0050029972969814,0.11975001852211632,0.6893106893106893,0.6573426573426573,0.07892107892107893,,,0.017817617264108687
priv,3.16,kde,64,0.5053215,gower,20,mu_out,0,0.9492791952551235,0.9164734942091002,0.9140631834664978,285.19001984329867,145.11043329847524,0.5088201662113143,70.99064559892692,0.248924017880898,69.0889409458965,0.2422558159077878,1.0019924139240102,0.011767322444074711,0.000999000999000999,0.000999000999000999,1.0,,,
priv,3.16,kde,64,0.5053215,gower,20,v,0,-0.02959901580529327,0.9972056723556073,0.7643973563566759,-0.8639544455595974,-0.9404228075762773,1.0885097153092893,0.05957284076021846,-0.06895368276232648,0.016895521256456714,-0.019556032546962726,1.0092912177251605,0.2681530434678266,0.1848151848151848,0.14785214785214784,0.6743256743256744,-1.5127422197926366,1.045046428745854,
priv,3.16,kde,64,0.5053215,gower,20,v_std,0,-0.057620930068538065,0.9971692036354932,1.0061365632930317,-4.132928117659762,-1.8334418388688112,0.44361812900510406,-0.9255560639071752,0.2239468090316711,-1.3739302148837784,0.332435061963225,1.0115856086218125,0.13850705329415802,0.4885114885114885,0.3596403596403596,0.5054945054945055,,,
priv,3.16,kde,64,0.5053215,gower,20,v_resid_density,0,-0.04333510189321018,1.0015235257854966,0.7902926284924591,-1.2479381190771144,-1.0952730673240274,0.8776661683625869,-0.11793594391812515,0.09450464098760107,-0.03472910783496494,0.027829190649812038,0.9946288847101935,0.19279872304230788,0.14285714285714285,0.13886113886113885,0.7372627372627373,,,0.025621745509305183
priv,3.16,dcr,64,0.509849,gower,20,mu_out,0,0.9607773647249854,0.945618338516744,0.9453330217174885,315.3667110141854,129.7465372161406,0.41141481546638115,82.73908072412107,0.26235832075630655,102.88109307392367,0.3262268637773123,1.0019429223094662,0.011318963285889688,0.000999000999000999,0.006993006993006993,0.5924075924075924,,,
priv,3.16,dcr,64,0.509849,gower,20,v,0,-0.025302708792843995,1.0032791023303271,1.323895150863282,-0.6287092199664329,-0.18394029128193157,0.2925681466731986,-0.1258808471789529,0.20022109296516083,-0.3188880815055484,0.5072107603616407,0.9857890888705281,0.32616441463303253,0.8431568431568431,0.5424575424575424,0.42857142857142855,-3.304756445204985,4.304838915250742,
priv,3.16,dcr,64,0.509849,gower,20,v_std,0,-0.019721979786867138,1.0042062936120275,1.392762080156791,-1.4170899151212935,-0.758944443798685,0.5355654822606825,0.2731606264269927,-0.19276167553814819,-0.931306097749601,0.6571961932774658,1.0174799664866527,0.40841265239178404,0.8161838161838162,0.39760239760239763,0.3836163836163836,,,
priv,3.16,dcr,64,0.509849,gower,20,v_resid_density,0,-0.029588682394445634,1.0070320010714648,1.2076238515747177,-0.7318042400935979,-0.23924464183438066,0.32692437229358096,-0.1748755831661883,0.23896497667712552,-0.3176840150930294,0.4341106510292935,1.0122917573438541,0.27203656584732033,0.7672327672327672,0.4955044955044955,0.4695304695304695,,,0.010667365273244411
priv,31.62,mm,64,0.59954275,gower,20,mu_out,0,0.8367533285536223,0.981946245520316,0.9824264362477452,103.0004816922443,40.50129308059621,0.39321459875896747,30.049090208829064,0.29173737554561063,32.45009840281902,0.315048025695422,1.0021017852405438,0.012823378306130367,0.07392607392607392,0.04895104895104895,0.7162837162837162,,,
priv,31.62,mm,64,0.59954275,gower,20,v,0,0.5339324284116064,0.9350387791322308,0.9145959392594922,42.67308291145926,21.72615853750264,0.5091302773362171,9.226900736984764,0.21622297025338674,11.720023636971861,0.27464675241039616,1.0008122397223382,0.017313628546469752,0.000999000999000999,0.000999000999000999,0.9070929070929071,-0.14588433607087853,-0.02036742831211494,
priv,31.62,mm,64,0.59954275,gower,20,v_std,0,0.13286489358836648,0.9690850094799466,0.9646854746097334,10.14983264871401,4.381277808367544,0.43166010317644554,0.8136728431276873,0.08016613389490518,4.954881997218777,0.48817376292864934,1.0009917203881253,0.0626335157521839,0.2867132867132867,0.26973026973026976,0.17382617382617382,,,
priv,31.62,mm,64,0.59954275,gower,20,v_resid_density,0,0.442548796917847,0.9500247838739568,0.9275106023797451,29.323135055284308,14.04779444385179,0.47906864042220626,6.502274334811675,0.22174553718600096,8.773066276620847,0.29918582239179287,1.0019646282613448,0.01930220716000535,0.000999000999000999,0.004995004995004995,0.7662337662337663,,,0.21234405020648617
priv,31.62,kde,64,0.50661925,gower,20,mu_out,0,0.9426273097523789,0.9246521707816885,0.9231260354666243,254.83772994531722,135.47861202973553,0.5316269771309233,61.69656619289853,0.24210138038090875,57.662551722683105,0.22627164248816797,1.002450647403319,0.01175863511644892,0.000999000999000999,0.000999000999000999,1.0,,,
priv,31.62,kde,64,0.50661925,gower,20,v,0,-0.04695841203948614,1.0019577042047243,0.9337048781191569,-1.313062008463013,-1.2850361262085763,0.9786560862519766,-0.1702981082739701,0.12969540446403569,0.14227222601952907,-0.10835149071601229,1.0036825592215146,0.1791411317859318,0.36163836163836166,0.08291708291708291,0.8281718281718282,-1.3214122422255985,1.2577187106581653,
priv,31.62,kde,64,0.50661925,gower,20,v_std,0,-0.06373752791259375,1.027182259218283,0.7950648228666186,-4.3358059507188615,-4.626315689825995,1.067002477142448,-0.5139891464405146,0.11854523755965063,0.8044988855476456,-0.1855477147020987,1.0031975074048969,0.12600580392683106,0.052947052947052944,0.012987012987012988,0.948051948051948,,,
priv,31.62,kde,64,0.50661925,gower,20,v_resid_density,0,-0.0443279396533029,1.0036659461117543,0.9253328699328622,-1.2295919847298138,-1.2920080184033564,1.0507615814422009,-0.058978819161199604,0.047966170805968024,0.12139485283473961,-0.0987277522481689,0.9958387591065159,0.1789053847836625,0.36063936063936064,0.06993006993006994,0.8251748251748252,,,0.005075929619993369
priv,31.62,dcr,64,0.5241245,gower,20,mu_out,0,0.9467996306807116,0.9903364209318414,0.9901834376863106,267.363387091161,92.79477832648939,0.3470736189276724,77.460555175868,0.28972012966553573,97.10805358880361,0.36320625140679175,1.002036731647413,0.01158132110368619,0.15584415584415584,0.3176823176823177,0.17482517482517482,,,
priv,31.62,dcr,64,0.5241245,gower,20,v,0,0.010068694319067506,0.9977834364077471,0.0924037809446121,0.2912593944491684,0.8371898259204276,2.874378790437733,-0.9127065652553001,-3.1336553692333813,0.36677613378404106,1.2592765787956481,0.9890505926404516,0.7922817701345962,0.13586413586413587,0.10989010989010989,0.3086913086913087,-2.1471213821880335,1.0288570020423224,
priv,31.62,dcr,64,0.5241245,gower,20,v_std,0,-0.03827369858250754,1.0017152659657491,1.1207565507643407,-2.5266226360790114,0.017064988433989264,-0.006754070904894552,-2.755676683323446,1.0906562159198774,0.2119890588104395,-0.08390214501498268,1.0168251197907443,0.21406967708189414,0.6913086913086913,0.6973026973026973,0.7852147852147852,,,
priv,31.62,dcr,64,0.5241245,gower,20,v_resid_density,0,-0.0024548864449728644,1.00216740304748,3.8056867800842427,-0.07007238242197976,0.512216874070617,-7.309825303013277,-0.9632253616358282,13.746148316111466,0.3809361051432305,-5.436323013098189,1.12640171555488,3.3475936471971104,0.7932067932067932,0.8011988011988012,0.7562437562437563,,,0.023273153812940373
