attack,graph,k,n_runs,auc_mean,auc_sd,signal,n_missing,splithalf_r,R_naive,R_cross,cross_total,E_low,share_low,E_mid,share_mid,E_high,share_high,R_cross_null_mean,R_cross_null_sd,p_smoother_than_null,p_low_share_gt_null,p_high_share_gt_null,H1_dR_boot_lo,H1_dR_boot_hi,density_R2,Rresid_minus1_boot_lo,Rresid_minus1_boot_hi
dcr,gower,10,32,0.7985838125,0.01256466805529873,mu_out,0,0.9676390153785803,0.711216620744577,0.7070989493104449,686.6291456767527,461.00374780928144,0.6714013681357913,95.85836376227124,0.13960718732350297,129.76703410520017,0.18899144454070568,1.0010038505017222,0.011249128102387313,0.000999000999000999,0.000999000999000999,1.0,,,,,
dcr,gower,10,32,0.7985838125,0.01256466805529873,v,0,0.8216164974381867,0.8329223483946434,0.813125059223017,436.7736825512972,249.11368587242413,0.5703495787962609,86.2604793176578,0.19749468148765323,101.39951736121523,0.2321557397160858,1.0003473716596925,0.012623005165078551,0.000999000999000999,0.000999000999000999,1.0,0.08963361679515978,0.12380513244955611,,,
dcr,gower,10,32,0.7985838125,0.01256466805529873,v_std,2,0.4040828194302496,0.985160295009796,0.9713086118020009,6471.264333058214,2894.8363494621763,0.4473370581810437,1283.3166679160602,0.1983100367821917,2293.11131567998,0.3543529050367646,1.001441587979531,0.02171681996769833,0.0919080919080919,0.004995004995004995,0.32867132867132864,,,,,
dcr,gower,10,32,0.7985838125,0.01256466805529873,v_resid_density,0,0.6549551686309749,0.9858085966442035,0.9787463790191584,179.56498260118371,74.53395836059858,0.4150806982569621,49.364302476932664,0.2749105185311741,55.666721763652454,0.3100087832118638,1.0003467393793326,0.014944648182764923,0.07792207792207792,0.001998001998001998,0.8201798201798202,,,0.530403977024206,-0.040073442103096116,0.0009753903763846281
melomia,gower,10,32,0.6334753124999999,0.017255387481953103,mu_out,0,0.8749326718085073,0.8928337638957357,0.8900467633646263,410.4987519736182,193.76324777610432,0.47201909103138273,97.01421161890796,0.2363325373158329,119.72129257860601,0.29164837165278445,1.000451199094717,0.012698300303693441,0.000999000999000999,0.000999000999000999,0.962037962037962,,,,,
melomia,gower,10,32,0.6334753124999999,0.017255387481953103,v,0,0.6727831392095578,0.901952532743968,0.8765936239847386,306.71501349403303,152.61088778511171,0.4975657567153317,67.4542883940122,0.21992496430346564,86.64983731490913,0.2825092789812027,1.0006422888988333,0.014738724819725374,0.000999000999000999,0.000999000999000999,0.967032967032967,-0.04394376258221516,0.022929895938137504,,,
melomia,gower,10,32,0.6334753124999999,0.017255387481953103,v_std,2,0.46459718542481265,0.9307419490743674,0.887475737276271,348.84303195455846,172.61955454208885,0.4948344634402068,86.96452922249202,0.24929415598537835,89.25894818997756,0.2558713805744148,0.999947472373115,0.01927829771275509,0.000999000999000999,0.000999000999000999,0.988011988011988,,,,,
melomia,gower,10,32,0.6334753124999999,0.017255387481953103,v_resid_density,0,0.5406084318286775,0.9702171996179445,0.9556264417705159,175.51184548644446,78.0246734360686,0.444555028293488,42.193519498075624,0.24040268838341408,55.2936525523002,0.31504228332309786,1.0013377968055357,0.01706379485095774,0.006993006993006993,0.000999000999000999,0.7502497502497503,,,0.342595964385216,-0.07571554169439398,-0.0104606182623992
rawloss,gower,10,32,0.5388491875,0.01907268761121105,mu_out,0,0.9854879401244508,0.8642594037665867,0.8635243144918058,1044.0047607421875,561.8811219703678,0.5381978853058905,201.69195539864398,0.1931906583693425,280.43162296721596,0.26861145632476685,1.0006990820049204,0.011807806098736193,0.000999000999000999,0.000999000999000999,1.0,,,,,
rawloss,gower,10,32,0.5388491875,0.01907268761121105,v,0,0.6728734762132387,0.9608450658598868,0.9482130351501243,66.06428527832031,29.037075454467242,0.43952757701256995,15.479007553180075,0.23430220082173678,21.54820276898056,0.32617022216569314,1.0010607811165855,0.01532158514370985,0.000999000999000999,0.000999000999000999,0.6073926073926074,0.05803155770090803,0.10651116484975451,,,
rawloss,gower,10,32,0.5388491875,0.01907268761121105,v_std,2,0.4293094371251201,0.9641591330415301,0.9411254682177423,255.4099884033203,112.90097935376018,0.44203821395405135,57.062369686495536,0.2234147845712572,85.44664898651199,0.3345470014746914,1.0004509335366036,0.02060139557293441,0.002997002997002997,0.002997002997002997,0.4875124875124875,,,,,
rawloss,gower,10,32,0.5388491875,0.01907268761121105,v_resid_density,0,0.596564474922155,0.9552851369659511,0.9357007867073139,47.25150751154376,21.654856821064847,0.45828922634424857,11.03604442728085,0.2335596261047267,14.560606263198082,0.3081511475510248,1.0006517120730658,0.015067120480996087,0.001998001998001998,0.000999000999000999,0.8001998001998002,,,0.2329162158859549,-0.09918172852073136,-0.03597632278359858
dcr,ddpm_input,10,32,0.7985838125,0.01256466805529873,mu_out,0,0.9676390153785803,0.5483606429697555,0.5407234253011248,686.6291456767527,498.8815547232116,0.7265662371956351,87.75885745380032,0.1278111452249872,99.98873349974058,0.14562261757937775,1.0015933252617109,0.012292824957239538,0.000999000999000999,0.000999000999000999,1.0,,,,,
dcr,ddpm_input,10,32,0.7985838125,0.01256466805529873,v,0,0.8216164974381867,0.724372166542991,0.6928434361514948,436.7736825512972,285.1280793515854,0.6528050813091248,69.71303658376006,0.15960905926508648,81.93256661595163,0.18758585942578856,1.001059312165221,0.013101950041148724,0.000999000999000999,0.000999000999000999,1.0,0.1293910514665734,0.17285350006572167,,,
dcr,ddpm_input,10,32,0.7985838125,0.01256466805529873,v_std,2,0.4040828194302496,0.958905179004216,0.9260344467477696,6471.264333058214,2962.7669233748743,0.4578343227674519,1460.1460097720126,0.22563535263316484,2048.3513999113284,0.3165303245993833,1.0010563808124469,0.021825226968690978,0.002997002997002997,0.002997002997002997,0.6833166833166833,,,,,
dcr,ddpm_input,10,32,0.7985838125,0.01256466805529873,v_resid_density,0,0.6550092375990008,0.9629652692219017,0.9497785668049318,179.24868914255657,80.06281489160308,0.4466577427962615,42.12650515572162,0.23501708914712552,57.0593690952319,0.31832516805661293,1.000043605726654,0.015198737743028344,0.000999000999000999,0.000999000999000999,0.6943056943056943,,,0.5313883875953236,-0.08242984063648447,-0.024815064892363927
melomia,ddpm_input,10,32,0.6334753124999999,0.017255387481953103,mu_out,0,0.8749326718085073,0.8579885926997475,0.8525823897118875,410.4987519736182,202.9514455717478,0.49440210133645196,94.39211528401519,0.22994495069763715,113.15519111785511,0.2756529479659109,1.0007561152870292,0.013187029419079793,0.000999000999000999,0.000999000999000999,0.995004995004995,,,,,
melomia,ddpm_input,10,32,0.6334753124999999,0.017255387481953103,v,0,0.6727831392095578,0.7577727319325404,0.6985526349772841,306.71501349403303,195.86334155313557,0.6385841349006738,46.34538712111679,0.15110244064403586,64.50628481978067,0.21031342445529033,1.0009444630571522,0.014940909696708981,0.000999000999000999,0.000999000999000999,1.0,-0.1973304426212504,-0.11448591288641129,,,
melomia,ddpm_input,10,32,0.6334753124999999,0.017255387481953103,v_std,2,0.46459718542481265,0.8731498986671092,0.7988096022032105,348.84303195455846,200.04652881040536,0.573457144004138,64.32954693448141,0.18440828980887086,84.46695620967168,0.24213456618699108,1.0006864450868638,0.019458019379573522,0.000999000999000999,0.000999000999000999,0.993006993006993,,,,,
melomia,ddpm_input,10,32,0.6334753124999999,0.017255387481953103,v_resid_density,0,0.5392058359804808,0.9459679834676851,0.9222987987001906,174.44365219156782,79.44358802525363,0.4554111716143818,35.725294286670454,0.20479561071926083,59.27476987964373,0.3397932176663573,1.0003939168766909,0.017352148553143137,0.000999000999000999,0.000999000999000999,0.4035964035964036,,,0.3455528578898017,-0.12267834585943721,-0.035149443556884055
rawloss,ddpm_input,10,32,0.5388491875,0.01907268761121105,mu_out,0,0.9854879401244508,0.5837094665369973,0.5807638164187954,1044.0047607421875,732.5689260071902,0.7016912143894201,159.32257319615212,0.15260714165830994,152.1132011328853,0.14570164395226992,1.0010852035568136,0.012256923429960414,0.000999000999000999,0.000999000999000999,1.0,,,,,
rawloss,ddpm_input,10,32,0.5388491875,0.01907268761121105,v,0,0.6728734762132387,0.8247712186762926,0.7813632350516557,66.06428527832031,39.157634854216155,0.5927201723880483,10.803634477668172,0.1635321467668128,16.103016444743545,0.24374768084513898,1.0009026122239995,0.01536306597763756,0.000999000999000999,0.000999000999000999,1.0,0.15048569023712421,0.24004994286772946,,,
rawloss,ddpm_input,10,32,0.5388491875,0.01907268761121105,v_std,2,0.4293094371251201,0.8763200636335371,0.7898251103736227,255.4099884033203,152.25094586329885,0.5961040955309138,43.757451444598914,0.17132239059808851,59.401600718869915,0.23257351387099753,1.0016471523233024,0.021781771333995146,0.000999000999000999,0.000999000999000999,0.994005994005994,,,,,
rawloss,ddpm_input,10,32,0.5388491875,0.01907268761121105,v_resid_density,0,0.5948080643407136,0.9151945884807875,0.8851916573689119,46.83207914155307,24.38277983061042,0.5206426935885518,8.647607712190661,0.1846513729628081,13.801691598751988,0.2947059334486402,1.0000637621876725,0.016979701894554784,0.000999000999000999,0.000999000999000999,0.8961038961038961,,,0.23793546411545985,-0.15835109533185468,-0.07594234916280014
dcr,ddpm_hidden,10,32,0.7985838125,0.01256466805529873,mu_out,0,0.9676390153785803,0.7088012331794181,0.7042166445087505,686.6291456767527,472.21907880622007,0.6877352669624782,99.51468531617434,0.14493221842205814,114.89538155435855,0.1673325146154636,1.001414413208695,0.010505139287559462,0.000999000999000999,0.000999000999000999,1.0,,,,,
dcr,ddpm_hidden,10,32,0.7985838125,0.01256466805529873,v,0,0.8216164974381867,0.8381919414196777,0.8192476835569787,436.7736825512972,238.26207556418439,0.5455046516823995,90.32170197928599,0.20679291264001023,108.18990500782695,0.24770243567759026,1.0013607741706987,0.011696724941276401,0.000999000999000999,0.000999000999000999,1.0,0.10091884005540984,0.12845512037018536,,,
dcr,ddpm_hidden,10,32,0.7985838125,0.01256466805529873,v_std,2,0.4040828194302496,0.9531871572810382,0.9168374339977007,6471.264333058214,2732.889023929266,0.42231145001578796,2010.9735554138308,0.3107543521504518,1727.4017537151185,0.2669341978337603,1.000598931868894,0.020302041445323903,0.002997002997002997,0.02197802197802198,0.9440559440559441,,,,,
dcr,ddpm_hidden,10,32,0.7985838125,0.01256466805529873,v_resid_density,0,0.6556313211163262,0.9671163970275111,0.9549687168479813,179.4122912434152,75.81916877637127,0.4225974054001942,46.09008869783455,0.25689482241382466,57.50303376920944,0.32050777218598114,1.0015961223032745,0.014141535680589902,0.000999000999000999,0.000999000999000999,0.7032967032967034,,,0.5311315491332799,-0.06269685881493386,-0.02516244638333679
melomia,ddpm_hidden,10,32,0.6334753124999999,0.017255387481953103,mu_out,0,0.8749326718085073,0.8554021856399672,0.8463058156392258,410.4987519736182,216.07728628055582,0.5263774499719858,99.71265580035252,0.24290611194540443,94.70880989270992,0.23071643808260986,1.0008371584264686,0.011669517647790955,0.000999000999000999,0.000999000999000999,1.0,,,,,
melomia,ddpm_hidden,10,32,0.6334753124999999,0.017255387481953103,v,0,0.6727831392095578,0.8670510436468478,0.8326209037780703,306.71501349403303,167.21781664909741,0.5451895384715183,66.6017811294243,0.21714548750226073,72.89541571551135,0.23766497402622083,1.0009081968856735,0.01388873047591173,0.000999000999000999,0.000999000999000999,1.0,-0.02996420492798183,0.006472506881061044,,,
melomia,ddpm_hidden,10,32,0.6334753124999999,0.017255387481953103,v_std,2,0.46459718542481265,0.8854697310288023,0.8059829298496091,348.84303195455846,208.15425934455033,0.5966989169262388,70.60235706696437,0.20239004537766225,70.08641554304377,0.20091103769609903,1.000440351001189,0.01757220293353922,0.000999000999000999,0.000999000999000999,1.0,,,,,
melomia,ddpm_hidden,10,32,0.6334753124999999,0.017255387481953103,v_resid_density,0,0.541357025377449,0.9540832301126658,0.9308989356505732,175.3584225665844,79.18970088639232,0.451587666719137,45.30079309074628,0.25833257637536833,50.8679285894458,0.2900797569054946,1.0016949582789165,0.015238615207400531,0.000999000999000999,0.001998001998001998,0.935064935064935,,,0.3437755846198405,-0.09525238357841599,-0.031663253348381534
rawloss,ddpm_hidden,10,32,0.5388491875,0.01907268761121105,mu_out,0,0.9854879401244508,0.7222033554201558,0.7201016364373857,1044.0047607421875,720.6655261602514,0.6902895417311408,157.2704260733207,0.15064149234449892,166.06874810265543,0.15906896592436037,1.0014443061192162,0.010584758776670367,0.000999000999000999,0.000999000999000999,1.0,,,,,
rawloss,ddpm_hidden,10,32,0.5388491875,0.01907268761121105,v,0,0.6728734762132387,0.8773097283894151,0.8429984589349985,66.06428527832031,34.733061998756455,0.5257464239633735,13.593702179878314,0.2057647641244534,17.737521597993094,0.26848881191217316,1.0016568208765395,0.01322069506156989,0.000999000999000999,0.000999000999000999,0.989010989010989,0.09212652717300628,0.1539818003384053,,,
rawloss,ddpm_hidden,10,32,0.5388491875,0.01907268761121105,v_std,2,0.4293094371251201,0.9273574154022811,0.8800343938237513,255.4099884033203,118.5924220014845,0.4643217685983289,55.77942962219159,0.21839172331987466,81.03814640309164,0.3172865080817964,1.0001368429229576,0.01862212596868483,0.000999000999000999,0.000999000999000999,0.6493506493506493,,,,,
rawloss,ddpm_hidden,10,32,0.5388491875,0.01907268761121105,v_resid_density,0,0.5967016928189168,0.9423586849717217,0.916023344099673,47.15226198600233,21.33366371454495,0.45244199993794754,10.722673333494445,0.22740527987135778,15.095924937962934,0.3201527201906947,1.0015264262901042,0.014389973382496085,0.000999000999000999,0.000999000999000999,0.7062937062937062,,,0.2348389387848634,-0.12168079566734104,-0.04304465459821388
dcr,ddpm_loss,10,32,0.7985838125,0.01256466805529873,mu_out,0,0.9676390153785803,0.504652526314245,0.4962877688019495,686.6291456767527,461.0087197694021,0.6714086092500845,130.39146200884488,0.18990085525765005,95.22896389850555,0.13869053549226545,1.0010016201732679,0.012423893481060821,0.000999000999000999,0.000999000999000999,1.0,,,,,
dcr,ddpm_loss,10,32,0.7985838125,0.01256466805529873,v,0,0.8216164974381867,0.7053587038344937,0.6719132493337265,436.7736825512972,247.85452810061128,0.5674667178957191,116.55266117351164,0.26684909331693324,72.36649327717413,0.16568418878734759,1.000979283921366,0.01344788413039715,0.000999000999000999,0.000999000999000999,1.0,0.1541622049606849,0.19766333068013842,,,
dcr,ddpm_loss,10,32,0.7985838125,0.01256466805529873,v_std,2,0.4040828194302496,0.9600712604871381,0.9324960755695334,6471.264333058214,2035.2499444744603,0.31450576575545863,2467.6147077914106,0.38131879348301273,1968.3996807923413,0.30417544076152864,1.0008304260385488,0.02295280196286672,0.002997002997002997,0.6583416583416584,0.7862137862137862,,,,,
dcr,ddpm_loss,10,32,0.7985838125,0.01256466805529873,v_resid_density,0,0.6546831639861463,0.9557114885324017,0.9405468120421917,179.31312413221784,70.26967285623587,0.3918824859937303,61.11971778842519,0.3408546813525938,47.923733487556746,0.2672628326536759,1.0009772000850379,0.01584073315062326,0.000999000999000999,0.015984015984015984,0.991008991008991,,,0.5310434437304298,-0.08235544411217284,-0.023820847565406852
melomia,ddpm_loss,10,32,0.6334753124999999,0.017255387481953103,mu_out,0,0.8749326718085073,0.8122904685038943,0.7986284724580717,410.4987519736182,195.12082627097192,0.4753262350564024,112.75420799115915,0.27467612860953494,102.62371771148716,0.24999763633406255,1.0012964524097439,0.013504891776544953,0.000999000999000999,0.000999000999000999,1.0,,,,,
melomia,ddpm_loss,10,32,0.6334753124999999,0.017255387481953103,v,0,0.6727831392095578,0.7670781198244223,0.7084208824235845,306.71501349403303,161.90190364671577,0.5278577719504607,91.49462438020234,0.29830500743316996,53.31848546711493,0.1738372206163694,1.0010839801465994,0.015572138928739888,0.000999000999000999,0.000999000999000999,1.0,-0.12720757571609737,-0.05720038122973566,,,
melomia,ddpm_loss,10,32,0.6334753124999999,0.017255387481953103,v_std,2,0.46459718542481265,0.8121289675232994,0.7093600578769633,348.84303195455846,183.33715290750425,0.5255577326004506,105.0182619676186,0.3010473260113697,60.487617079435566,0.17339494138817974,1.0013396263830585,0.021479991334468897,0.000999000999000999,0.000999000999000999,1.0,,,,,
melomia,ddpm_loss,10,32,0.6334753124999999,0.017255387481953103,v_resid_density,0,0.5408999295497781,0.9618224195575468,0.9424176898033458,175.5732520289256,60.91437700716485,0.34694565546424594,65.2305874115851,0.37152918601085316,49.42828761017565,0.28152515852490084,1.0018156939624019,0.0178272688514183,0.001998001998001998,0.3116883116883117,0.954045954045954,,,0.3426032118477411,-0.0926302111690093,-0.020615779915913193
rawloss,ddpm_loss,10,32,0.5388491875,0.01907268761121105,mu_out,0,0.9854879401244508,0.665284246193998,0.6628437499105068,1044.0047607421875,593.1486834512928,0.5681475219989585,230.236378040595,0.22053193627044604,220.61963884433965,0.21132054173059556,1.0007080525796426,0.01234970070039455,0.000999000999000999,0.000999000999000999,1.0,,,,,
rawloss,ddpm_loss,10,32,0.5388491875,0.01907268761121105,v,0,0.6728734762132387,0.840083298685169,0.8004234048130904,66.06428527832031,29.417794722305477,0.44529043758636777,21.41865035837267,0.3242092169253441,15.227840695949718,0.23050034548828804,1.0010214498288164,0.0156608186816153,0.000999000999000999,0.000999000999000999,1.0,0.09574850145111236,0.17144136802627089,,,
rawloss,ddpm_loss,10,32,0.5388491875,0.01907268761121105,v_std,2,0.4293094371251201,0.8575437969895793,0.7506282745128018,255.4099884033203,126.67346012884346,0.4959612431286568,68.22021439070764,0.2671007983937966,60.51632350721652,0.23693795847754656,1.0006594812674476,0.02232682932993895,0.000999000999000999,0.000999000999000999,0.996003996003996,,,,,
rawloss,ddpm_loss,10,32,0.5388491875,0.01907268761121105,v_resid_density,0,0.5961104081557517,0.9925263974976805,0.9891672133052599,47.1617529088379,14.481399123270215,0.30705811871035166,18.698776810070814,0.3964818026635892,13.98157697549685,0.2964600786260591,1.0012188701595208,0.016198884194917794,0.22877122877122877,0.7982017982017982,0.8961038961038961,,,0.23412024193469028,-0.042781168264001836,0.02886180006710228
