attack,k,n_runs,auc_mean,auc_sd,signal,n_missing,splithalf_r,R_naive,R_cross,cross_total,E_low,share_low,E_mid,share_mid,E_high,share_high,R_cross_null_mean,R_cross_null_sd,p_smoother_than_null,p_low_share_gt_null,p_high_share_gt_null,H1_dR_boot_lo,H1_dR_boot_hi,density_R2,Rresid_minus1_boot_lo,Rresid_minus1_boot_hi
dcr,20,32,0.7985838125,0.01256466805529873,mu_out,0,0.9676390153785803,0.770642874531861,0.7670361341408699,686.6291456767527,443.6236796053713,0.6460892060853731,93.44336805006182,0.1360900110902844,149.56209802131977,0.21782078282434242,1.000824458663626,0.007766392855278506,0.000999000999000999,0.000999000999000999,1.0,,,,,
dcr,20,32,0.7985838125,0.01256466805529873,v,0,0.8216164974381867,0.8641629226343576,0.8494608417717611,436.7736825512972,243.1505938433191,0.5566969887540376,77.44461001373033,0.17731061441558993,116.17847869424776,0.26599239683037246,1.0007231425056002,0.009018294900424436,0.000999000999000999,0.000999000999000999,0.999000999000999,0.0690963580517279,0.09733773998486883,,,
dcr,20,32,0.7985838125,0.01256466805529873,v_std,2,0.4040828194302496,0.9929153081616667,0.9907557620813695,6471.264333058214,2691.9188858150906,0.41598036291973456,1333.8411511485128,0.20611755021883968,2445.504296094612,0.37790208686142573,1.0015777829826118,0.014757456770130694,0.20679320679320679,0.02197802197802198,0.15284715284715283,,,,,
dcr,20,32,0.7985838125,0.01256466805529873,v_resid_density,0,0.6584940236869,0.9952788937779165,0.9943997959676195,182.3701585792105,71.5760185310688,0.3924765931482181,43.67053413465598,0.23946096485784527,67.12360591348566,0.36806244199393656,1.000319297370812,0.010218300243799007,0.26973026973026976,0.02197802197802198,0.1028971028971029,,,0.5245426849479703,-0.01681288005188408,0.008862772281873094
melomia,20,32,0.6334753124999999,0.017255387481953103,mu_out,0,0.8749326718085073,0.9190311990366612,0.9171428657346052,410.4987519736182,183.38713174059663,0.4467422394316622,98.45142925106651,0.23983368713723585,128.66019098195503,0.313424073431102,1.00065284813949,0.008489810115488475,0.000999000999000999,0.000999000999000999,0.8311688311688312,,,,,
melomia,20,32,0.6334753124999999,0.017255387481953103,v,0,0.6727831392095578,0.918732182963304,0.8993258064098884,306.71501349403303,150.20466679882344,0.4897206207408089,65.13255897487159,0.21235530087978136,91.377787720338,0.2979240783794097,1.0006602548315475,0.010442058162249643,0.000999000999000999,0.000999000999000999,0.9120879120879121,-0.04059628185895581,0.012834494468438158,,,
melomia,20,32,0.6334753124999999,0.017255387481953103,v_std,2,0.46459718542481265,0.9490663182765346,0.9213966992994044,348.84303195455846,157.59537676146323,0.451765872686235,82.35403798201128,0.23607763503425527,108.89361721108386,0.31215649227950976,1.000663657219156,0.013738166260109779,0.000999000999000999,0.000999000999000999,0.7322677322677322,,,,,
melomia,20,32,0.6334753124999999,0.017255387481953103,v_resid_density,0,0.5385260043052189,0.9792888202278256,0.9714765173932564,174.01069069891346,70.46043769639402,0.4049201656139051,42.074157085863476,0.2417906446832247,61.47609591665589,0.35328918970287027,1.0012020952447478,0.011962428445765696,0.011988011988011988,0.006993006993006993,0.2857142857142857,,,0.34710152598343524,-0.05139875765594025,-0.011248493533554055
rawloss,20,32,0.5388491875,0.01907268761121105,mu_out,0,0.9854879401244508,0.8867724383335374,0.8861704067268036,1044.0047607421875,574.7034512371413,0.5504797545950271,205.09232573426246,0.1964477034137982,264.2089233648238,0.25307254199117485,1.0006930486419137,0.008049152924465319,0.000999000999000999,0.000999000999000999,1.0,,,,,
rawloss,20,32,0.5388491875,0.01907268761121105,v,0,0.6728734762132387,0.9600970509145026,0.9510715601491033,66.06428527832031,30.805363607297966,0.4662937507786733,14.989922333141996,0.22689902958801242,20.268999836187906,0.30680721963331425,1.0010186341784992,0.010417536404322698,0.000999000999000999,0.000999000999000999,0.8471528471528471,0.04858246314933044,0.07976412764724686,,,
rawloss,20,32,0.5388491875,0.01907268761121105,v_std,2,0.4293094371251201,0.9699084421641201,0.9572836781468784,255.4099884033203,102.8647053108997,0.4027434560338518,58.63781058204887,0.22958306657949804,93.90748213381914,0.3676734773866502,1.0006017569066765,0.014466989302493122,0.001998001998001998,0.029970029970029972,0.18181818181818182,,,,,
rawloss,20,32,0.5388491875,0.01907268761121105,v_resid_density,0,0.5971620485993907,0.9570376657773821,0.9432220062848208,47.44730650278247,23.16217199319854,0.48816621427899665,9.656660673820713,0.20352389599300885,14.628473835763225,0.3083098897279946,1.0007787526078273,0.010857464120249715,0.000999000999000999,0.000999000999000999,0.8041958041958042,,,0.23083164179150872,-0.0764100445315406,-0.03583961389028516
